selected,segment_role,from_vertex,to_vertex,from_slot,to_slot,from_limit,to_limit,anchor_limit,same_anchor_limit,target_endpoint_anchored,source_endpoint_anchored,source_limit_distance,target_limit_distance,total_limit_distance,edge_id,edge_index,selection_score
False,03_09,3:23,9:23,3,9,23,23,23,True,True,True,0,0,0,tuple_edge_611,611,0|0|0|0|611
False,03_09,3:22,9:22,3,9,22,22,23,False,False,False,1,1,2,tuple_edge_607,607,1|1|1|2|607
False,03_09,3:24,9:24,3,9,24,24,23,False,False,False,1,1,2,tuple_edge_614,614,1|1|1|2|614
False,03_09,3:21,9:21,3,9,21,21,23,False,False,False,2,2,4,tuple_edge_601,601,1|1|2|4|601
False,03_09,3:25,9:25,3,9,25,25,23,False,False,False,2,2,4,tuple_edge_618,618,1|1|2|4|618
False,03_09,3:20,9:20,3,9,20,20,23,False,False,False,3,3,6,tuple_edge_595,595,1|1|3|6|595
False,03_09,3:26,9:26,3,9,26,26,23,False,False,False,3,3,6,tuple_edge_621,621,1|1|3|6|621
False,03_09,3:19,9:19,3,9,19,19,23,False,False,False,4,4,8,tuple_edge_576,576,1|1|4|8|576
False,03_09,3:27,9:27,3,9,27,27,23,False,False,False,4,4,8,tuple_edge_625,625,1|1|4|8|625
False,03_09,3:18,9:18,3,9,18,18,23,False,False,False,5,5,10,tuple_edge_570,570,1|1|5|10|570
False,03_09,3:28,9:28,3,9,28,28,23,False,False,False,5,5,10,tuple_edge_631,631,1|1|5|10|631
False,03_09,3:17,9:17,3,9,17,17,23,False,False,False,6,6,12,tuple_edge_564,564,1|1|6|12|564
False,03_09,3:29,9:29,3,9,29,29,23,False,False,False,6,6,12,tuple_edge_637,637,1|1|6|12|637
False,03_09,3:16,9:16,3,9,16,16,23,False,False,False,7,7,14,tuple_edge_559,559,1|1|7|14|559
False,03_09,3:30,9:30,3,9,30,30,23,False,False,False,7,7,14,tuple_edge_646,646,1|1|7|14|646
False,03_09,3:15,9:15,3,9,15,15,23,False,False,False,8,8,16,tuple_edge_554,554,1|1|8|16|554
False,03_09,3:31,9:31,3,9,31,31,23,False,False,False,8,8,16,tuple_edge_652,652,1|1|8|16|652
False,03_09,3:14,9:14,3,9,14,14,23,False,False,False,9,9,18,tuple_edge_549,549,1|1|9|18|549
False,03_09,3:32,9:32,3,9,32,32,23,False,False,False,9,9,18,tuple_edge_658,658,1|1|9|18|658
False,03_09,3:13,9:13,3,9,13,13,23,False,False,False,10,10,20,tuple_edge_543,543,1|1|10|20|543
False,03_09,3:33,9:33,3,9,33,33,23,False,False,False,10,10,20,tuple_edge_662,662,1|1|10|20|662
False,03_09,3:12,9:12,3,9,12,12,23,False,False,False,11,11,22,tuple_edge_536,536,1|1|11|22|536
False,03_09,3:34,9:34,3,9,34,34,23,False,False,False,11,11,22,tuple_edge_665,665,1|1|11|22|665
False,03_09,3:11,9:11,3,9,11,11,23,False,False,False,12,12,24,tuple_edge_529,529,1|1|12|24|529
False,03_09,3:35,9:35,3,9,35,35,23,False,False,False,12,12,24,tuple_edge_669,669,1|1|12|24|669
False,03_09,3:10,9:10,3,9,10,10,23,False,False,False,13,13,26,tuple_edge_523,523,1|1|13|26|523
False,03_09,3:36,9:36,3,9,36,36,23,False,False,False,13,13,26,tuple_edge_672,672,1|1|13|26|672
False,03_09,3:9,9:9,3,9,9,9,23,False,False,False,14,14,28,tuple_edge_511,511,1|1|14|28|511
False,03_09,3:37,9:37,3,9,37,37,23,False,False,False,14,14,28,tuple_edge_676,676,1|1|14|28|676
False,03_09,3:8,9:8,3,9,8,8,23,False,False,False,15,15,30,tuple_edge_504,504,1|1|15|30|504
False,03_09,3:38,9:38,3,9,38,38,23,False,False,False,15,15,30,tuple_edge_682,682,1|1|15|30|682
False,03_09,3:7,9:7,3,9,7,7,23,False,False,False,16,16,32,tuple_edge_497,497,1|1|16|32|497
False,03_09,3:39,9:39,3,9,39,39,23,False,False,False,16,16,32,tuple_edge_688,688,1|1|16|32|688
False,03_09,3:6,9:6,3,9,6,6,23,False,False,False,17,17,34,tuple_edge_490,490,1|1|17|34|490
False,03_09,3:40,9:40,3,9,40,40,23,False,False,False,17,17,34,tuple_edge_699,699,1|1|17|34|699
False,03_09,3:5,9:5,3,9,5,5,23,False,False,False,18,18,36,tuple_edge_483,483,1|1|18|36|483
False,03_09,3:41,9:41,3,9,41,41,23,False,False,False,18,18,36,tuple_edge_705,705,1|1|18|36|705
False,03_09,3:4,9:4,3,9,4,4,23,False,False,False,19,19,38,tuple_edge_476,476,1|1|19|38|476
False,03_09,3:42,9:42,3,9,42,42,23,False,False,False,19,19,38,tuple_edge_711,711,1|1|19|38|711
False,03_09,3:3,9:3,3,9,3,3,23,False,False,False,20,20,40,tuple_edge_469,469,1|1|20|40|469
False,03_09,3:43,9:43,3,9,43,43,23,False,False,False,20,20,40,tuple_edge_715,715,1|1|20|40|715
False,03_09,3:2,9:2,3,9,2,2,23,False,False,False,21,21,42,tuple_edge_462,462,1|1|21|42|462
False,03_09,3:44,9:44,3,9,44,44,23,False,False,False,21,21,42,tuple_edge_718,718,1|1|21|42|718
False,03_09,3:1,9:1,3,9,1,1,23,False,False,False,22,22,44,tuple_edge_455,455,1|1|22|44|455
False,03_09,3:45,9:45,3,9,45,45,23,False,False,False,22,22,44,tuple_edge_722,722,1|1|22|44|722
False,03_09,3:0,9:0,3,9,0,0,23,False,False,False,23,23,46,tuple_edge_448,448,1|1|23|46|448
False,03_09,3:46,9:46,3,9,46,46,23,False,False,False,23,23,46,tuple_edge_725,725,1|1|23|46|725
False,03_09,3:47,9:47,3,9,47,47,23,False,False,False,24,24,48,tuple_edge_729,729,1|1|24|48|729
False,03_09,3:48,9:48,3,9,48,48,23,False,False,False,25,25,50,tuple_edge_735,735,1|1|25|50|735
False,03_09,3:49,9:49,3,9,49,49,23,False,False,False,26,26,52,tuple_edge_741,741,1|1|26|52|741
False,03_09,3:50,9:50,3,9,50,50,23,False,False,False,27,27,54,tuple_edge_751,751,1|1|27|54|751
False,03_09,3:51,9:51,3,9,51,51,23,False,False,False,28,28,56,tuple_edge_755,755,1|1|28|56|755
False,03_09,3:52,9:52,3,9,52,52,23,False,False,False,29,29,58,tuple_edge_760,760,1|1|29|58|760
False,03_09,3:53,9:53,3,9,53,53,23,False,False,False,30,30,60,tuple_edge_764,764,1|1|30|60|764
False,03_09,3:54,9:54,3,9,54,54,23,False,False,False,31,31,62,tuple_edge_767,767,1|1|31|62|767
False,03_09,3:55,9:55,3,9,55,55,23,False,False,False,32,32,64,tuple_edge_770,770,1|1|32|64|770
False,03_09,3:56,9:56,3,9,56,56,23,False,False,False,33,33,66,tuple_edge_773,773,1|1|33|66|773
False,03_09,3:57,9:57,3,9,57,57,23,False,False,False,34,34,68,tuple_edge_776,776,1|1|34|68|776
False,03_09,3:58,9:58,3,9,58,58,23,False,False,False,35,35,70,tuple_edge_779,779,1|1|35|70|779
False,03_09,3:59,9:59,3,9,59,59,23,False,False,False,36,36,72,tuple_edge_782,782,1|1|36|72|782
False,09_12,9:54,12:24,9,12,54,24,24,False,True,False,30,0,30,tuple_edge_2425,2425,1|0|30|30|2425
False,09_12,9:24,12:54,9,12,24,54,24,False,False,True,0,30,30,tuple_edge_2309,2309,1|1|0|30|2309
False,09_12,9:23,12:53,9,12,23,53,24,False,False,False,1,29,30,tuple_edge_2307,2307,1|1|1|30|2307
False,09_12,9:25,12:55,9,12,25,55,24,False,False,False,1,31,32,tuple_edge_2312,2312,1|1|1|32|2312
False,09_12,9:22,12:52,9,12,22,52,24,False,False,False,2,28,30,tuple_edge_2304,2304,1|1|2|30|2304
False,09_12,9:26,12:56,9,12,26,56,24,False,False,False,2,32,34,tuple_edge_2314,2314,1|1|2|34|2314
False,09_12,9:21,12:51,9,12,21,51,24,False,False,False,3,27,30,tuple_edge_2299,2299,1|1|3|30|2299
False,09_12,9:27,12:57,9,12,27,57,24,False,False,False,3,33,36,tuple_edge_2317,2317,1|1|3|36|2317
False,09_12,9:20,12:50,9,12,20,50,24,False,False,False,4,26,30,tuple_edge_2294,2294,1|1|4|30|2294
False,09_12,9:28,12:58,9,12,28,58,24,False,False,False,4,34,38,tuple_edge_2322,2322,1|1|4|38|2322
False,09_12,9:19,12:49,9,12,19,49,24,False,False,False,5,25,30,tuple_edge_2287,2287,1|1|5|30|2287
False,09_12,9:29,12:59,9,12,29,59,24,False,False,False,5,35,40,tuple_edge_2327,2327,1|1|5|40|2327
False,09_12,9:18,12:48,9,12,18,48,24,False,False,False,6,24,30,tuple_edge_2282,2282,1|1|6|30|2282
False,09_12,9:30,12:0,9,12,30,0,24,False,False,False,6,24,30,tuple_edge_2334,2334,1|1|6|30|2334
False,09_12,9:17,12:47,9,12,17,47,24,False,False,False,7,23,30,tuple_edge_2277,2277,1|1|7|30|2277
False,09_12,9:31,12:1,9,12,31,1,24,False,False,False,7,23,30,tuple_edge_2339,2339,1|1|7|30|2339
False,09_12,9:16,12:46,9,12,16,46,24,False,False,False,8,22,30,tuple_edge_2273,2273,1|1|8|30|2273
False,09_12,9:32,12:2,9,12,32,2,24,False,False,False,8,22,30,tuple_edge_2344,2344,1|1|8|30|2344
False,09_12,9:15,12:45,9,12,15,45,24,False,False,False,9,21,30,tuple_edge_2269,2269,1|1|9|30|2269
False,09_12,9:33,12:3,9,12,33,3,24,False,False,False,9,21,30,tuple_edge_2347,2347,1|1|9|30|2347
False,09_12,9:14,12:44,9,12,14,44,24,False,False,False,10,20,30,tuple_edge_2265,2265,1|1|10|30|2265
False,09_12,9:34,12:4,9,12,34,4,24,False,False,False,10,20,30,tuple_edge_2349,2349,1|1|10|30|2349
False,09_12,9:13,12:43,9,12,13,43,24,False,False,False,11,19,30,tuple_edge_2260,2260,1|1|11|30|2260
False,09_12,9:35,12:5,9,12,35,5,24,False,False,False,11,19,30,tuple_edge_2352,2352,1|1|11|30|2352
False,09_12,9:12,12:42,9,12,12,42,24,False,False,False,12,18,30,tuple_edge_2254,2254,1|1|12|30|2254
False,09_12,9:36,12:6,9,12,36,6,24,False,False,False,12,18,30,tuple_edge_2354,2354,1|1|12|30|2354
False,09_12,9:11,12:41,9,12,11,41,24,False,False,False,13,17,30,tuple_edge_2248,2248,1|1|13|30|2248
False,09_12,9:37,12:7,9,12,37,7,24,False,False,False,13,17,30,tuple_edge_2357,2357,1|1|13|30|2357
False,09_12,9:10,12:40,9,12,10,40,24,False,False,False,14,16,30,tuple_edge_2243,2243,1|1|14|30|2243
False,09_12,9:38,12:8,9,12,38,8,24,False,False,False,14,16,30,tuple_edge_2362,2362,1|1|14|30|2362
False,09_12,9:9,12:39,9,12,9,39,24,False,False,False,15,15,30,tuple_edge_2235,2235,1|1|15|30|2235
False,09_12,9:39,12:9,9,12,39,9,24,False,False,False,15,15,30,tuple_edge_2367,2367,1|1|15|30|2367
False,09_12,9:8,12:38,9,12,8,38,24,False,False,False,16,14,30,tuple_edge_2229,2229,1|1|16|30|2229
False,09_12,9:40,12:10,9,12,40,10,24,False,False,False,16,14,30,tuple_edge_2374,2374,1|1|16|30|2374
False,09_12,9:7,12:37,9,12,7,37,24,False,False,False,17,13,30,tuple_edge_2223,2223,1|1|17|30|2223
False,09_12,9:41,12:11,9,12,41,11,24,False,False,False,17,13,30,tuple_edge_2379,2379,1|1|17|30|2379
False,09_12,9:6,12:36,9,12,6,36,24,False,False,False,18,12,30,tuple_edge_2217,2217,1|1|18|30|2217
False,09_12,9:42,12:12,9,12,42,12,24,False,False,False,18,12,30,tuple_edge_2384,2384,1|1|18|30|2384
False,09_12,9:5,12:35,9,12,5,35,24,False,False,False,19,11,30,tuple_edge_2211,2211,1|1|19|30|2211
False,09_12,9:43,12:13,9,12,43,13,24,False,False,False,19,11,30,tuple_edge_2387,2387,1|1|19|30|2387
False,09_12,9:4,12:34,9,12,4,34,24,False,False,False,20,10,30,tuple_edge_2205,2205,1|1|20|30|2205
False,09_12,9:44,12:14,9,12,44,14,24,False,False,False,20,10,30,tuple_edge_2389,2389,1|1|20|30|2389
False,09_12,9:3,12:33,9,12,3,33,24,False,False,False,21,9,30,tuple_edge_2199,2199,1|1|21|30|2199
False,09_12,9:45,12:15,9,12,45,15,24,False,False,False,21,9,30,tuple_edge_2392,2392,1|1|21|30|2392
False,09_12,9:2,12:32,9,12,2,32,24,False,False,False,22,8,30,tuple_edge_2193,2193,1|1|22|30|2193
False,09_12,9:46,12:16,9,12,46,16,24,False,False,False,22,8,30,tuple_edge_2394,2394,1|1|22|30|2394
False,09_12,9:1,12:31,9,12,1,31,24,False,False,False,23,7,30,tuple_edge_2187,2187,1|1|23|30|2187
False,09_12,9:47,12:17,9,12,47,17,24,False,False,False,23,7,30,tuple_edge_2397,2397,1|1|23|30|2397
False,09_12,9:0,12:30,9,12,0,30,24,False,False,False,24,6,30,tuple_edge_2181,2181,1|1|24|30|2181
False,09_12,9:48,12:18,9,12,48,18,24,False,False,False,24,6,30,tuple_edge_2402,2402,1|1|24|30|2402
False,09_12,9:49,12:19,9,12,49,19,24,False,False,False,25,5,30,tuple_edge_2407,2407,1|1|25|30|2407
False,09_12,9:50,12:20,9,12,50,20,24,False,False,False,26,4,30,tuple_edge_2413,2413,1|1|26|30|2413
False,09_12,9:51,12:21,9,12,51,21,24,False,False,False,27,3,30,tuple_edge_2416,2416,1|1|27|30|2416
False,09_12,9:52,12:22,9,12,52,22,24,False,False,False,28,2,30,tuple_edge_2420,2420,1|1|28|30|2420
False,09_12,9:53,12:23,9,12,53,23,24,False,False,False,29,1,30,tuple_edge_2423,2423,1|1|29|30|2423
False,09_12,9:55,12:25,9,12,55,25,24,False,False,False,31,1,32,tuple_edge_2427,2427,1|1|31|32|2427
False,09_12,9:56,12:26,9,12,56,26,24,False,False,False,32,2,34,tuple_edge_2429,2429,1|1|32|34|2429
False,09_12,9:57,12:27,9,12,57,27,24,False,False,False,33,3,36,tuple_edge_2431,2431,1|1|33|36|2431
False,09_12,9:58,12:28,9,12,58,28,24,False,False,False,34,4,38,tuple_edge_2433,2433,1|1|34|38|2433
False,09_12,9:59,12:29,9,12,59,29,24,False,False,False,35,5,40,tuple_edge_2435,2435,1|1|35|40|2435
False,06_12,6:23,12:23,6,12,23,23,23,True,True,True,0,0,0,tuple_edge_1472,1472,0|0|0|0|1472
False,06_12,6:22,12:22,6,12,22,22,23,False,False,False,1,1,2,tuple_edge_1469,1469,1|1|1|2|1469
False,06_12,6:24,12:24,6,12,24,24,23,False,False,False,1,1,2,tuple_edge_1474,1474,1|1|1|2|1474
False,06_12,6:21,12:21,6,12,21,21,23,False,False,False,2,2,4,tuple_edge_1464,1464,1|1|2|4|1464
False,06_12,6:25,12:25,6,12,25,25,23,False,False,False,2,2,4,tuple_edge_1477,1477,1|1|2|4|1477
False,06_12,6:20,12:20,6,12,20,20,23,False,False,False,3,3,6,tuple_edge_1459,1459,1|1|3|6|1459
False,06_12,6:26,12:26,6,12,26,26,23,False,False,False,3,3,6,tuple_edge_1479,1479,1|1|3|6|1479
False,06_12,6:19,12:19,6,12,19,19,23,False,False,False,4,4,8,tuple_edge_1451,1451,1|1|4|8|1451
False,06_12,6:27,12:27,6,12,27,27,23,False,False,False,4,4,8,tuple_edge_1482,1482,1|1|4|8|1482
False,06_12,6:18,12:18,6,12,18,18,23,False,False,False,5,5,10,tuple_edge_1446,1446,1|1|5|10|1446
False,06_12,6:28,12:28,6,12,28,28,23,False,False,False,5,5,10,tuple_edge_1487,1487,1|1|5|10|1487
False,06_12,6:17,12:17,6,12,17,17,23,False,False,False,6,6,12,tuple_edge_1441,1441,1|1|6|12|1441
False,06_12,6:29,12:29,6,12,29,29,23,False,False,False,6,6,12,tuple_edge_1492,1492,1|1|6|12|1492
False,06_12,6:16,12:16,6,12,16,16,23,False,False,False,7,7,14,tuple_edge_1437,1437,1|1|7|14|1437
False,06_12,6:30,12:30,6,12,30,30,23,False,False,False,7,7,14,tuple_edge_1502,1502,1|1|7|14|1502
False,06_12,6:15,12:15,6,12,15,15,23,False,False,False,8,8,16,tuple_edge_1433,1433,1|1|8|16|1433
False,06_12,6:31,12:31,6,12,31,31,23,False,False,False,8,8,16,tuple_edge_1507,1507,1|1|8|16|1507
False,06_12,6:14,12:14,6,12,14,14,23,False,False,False,9,9,18,tuple_edge_1429,1429,1|1|9|18|1429
False,06_12,6:32,12:32,6,12,32,32,23,False,False,False,9,9,18,tuple_edge_1512,1512,1|1|9|18|1512
False,06_12,6:13,12:13,6,12,13,13,23,False,False,False,10,10,20,tuple_edge_1424,1424,1|1|10|20|1424
False,06_12,6:33,12:33,6,12,33,33,23,False,False,False,10,10,20,tuple_edge_1515,1515,1|1|10|20|1515
False,06_12,6:12,12:12,6,12,12,12,23,False,False,False,11,11,22,tuple_edge_1418,1418,1|1|11|22|1418
False,06_12,6:34,12:34,6,12,34,34,23,False,False,False,11,11,22,tuple_edge_1517,1517,1|1|11|22|1517
False,06_12,6:11,12:11,6,12,11,11,23,False,False,False,12,12,24,tuple_edge_1412,1412,1|1|12|24|1412
False,06_12,6:35,12:35,6,12,35,35,23,False,False,False,12,12,24,tuple_edge_1520,1520,1|1|12|24|1520
False,06_12,6:10,12:10,6,12,10,10,23,False,False,False,13,13,26,tuple_edge_1407,1407,1|1|13|26|1407
False,06_12,6:36,12:36,6,12,36,36,23,False,False,False,13,13,26,tuple_edge_1522,1522,1|1|13|26|1522
False,06_12,6:9,12:9,6,12,9,9,23,False,False,False,14,14,28,tuple_edge_1399,1399,1|1|14|28|1399
False,06_12,6:37,12:37,6,12,37,37,23,False,False,False,14,14,28,tuple_edge_1525,1525,1|1|14|28|1525
False,06_12,6:8,12:8,6,12,8,8,23,False,False,False,15,15,30,tuple_edge_1393,1393,1|1|15|30|1393
False,06_12,6:38,12:38,6,12,38,38,23,False,False,False,15,15,30,tuple_edge_1530,1530,1|1|15|30|1530
False,06_12,6:7,12:7,6,12,7,7,23,False,False,False,16,16,32,tuple_edge_1387,1387,1|1|16|32|1387
False,06_12,6:39,12:39,6,12,39,39,23,False,False,False,16,16,32,tuple_edge_1535,1535,1|1|16|32|1535
False,06_12,6:6,12:6,6,12,6,6,23,False,False,False,17,17,34,tuple_edge_1381,1381,1|1|17|34|1381
False,06_12,6:40,12:40,6,12,40,40,23,False,False,False,17,17,34,tuple_edge_1553,1553,1|1|17|34|1553
False,06_12,6:5,12:5,6,12,5,5,23,False,False,False,18,18,36,tuple_edge_1375,1375,1|1|18|36|1375
False,06_12,6:41,12:41,6,12,41,41,23,False,False,False,18,18,36,tuple_edge_1558,1558,1|1|18|36|1558
False,06_12,6:4,12:4,6,12,4,4,23,False,False,False,19,19,38,tuple_edge_1369,1369,1|1|19|38|1369
False,06_12,6:42,12:42,6,12,42,42,23,False,False,False,19,19,38,tuple_edge_1563,1563,1|1|19|38|1563
False,06_12,6:3,12:3,6,12,3,3,23,False,False,False,20,20,40,tuple_edge_1363,1363,1|1|20|40|1363
False,06_12,6:43,12:43,6,12,43,43,23,False,False,False,20,20,40,tuple_edge_1566,1566,1|1|20|40|1566
False,06_12,6:2,12:2,6,12,2,2,23,False,False,False,21,21,42,tuple_edge_1357,1357,1|1|21|42|1357
False,06_12,6:44,12:44,6,12,44,44,23,False,False,False,21,21,42,tuple_edge_1568,1568,1|1|21|42|1568
False,06_12,6:1,12:1,6,12,1,1,23,False,False,False,22,22,44,tuple_edge_1351,1351,1|1|22|44|1351
False,06_12,6:45,12:45,6,12,45,45,23,False,False,False,22,22,44,tuple_edge_1571,1571,1|1|22|44|1571
False,06_12,6:0,12:0,6,12,0,0,23,False,False,False,23,23,46,tuple_edge_1345,1345,1|1|23|46|1345
False,06_12,6:46,12:46,6,12,46,46,23,False,False,False,23,23,46,tuple_edge_1573,1573,1|1|23|46|1573
False,06_12,6:47,12:47,6,12,47,47,23,False,False,False,24,24,48,tuple_edge_1576,1576,1|1|24|48|1576
False,06_12,6:48,12:48,6,12,48,48,23,False,False,False,25,25,50,tuple_edge_1581,1581,1|1|25|50|1581
False,06_12,6:49,12:49,6,12,49,49,23,False,False,False,26,26,52,tuple_edge_1586,1586,1|1|26|52|1586
False,06_12,6:50,12:50,6,12,50,50,23,False,False,False,27,27,54,tuple_edge_1593,1593,1|1|27|54|1593
False,06_12,6:51,12:51,6,12,51,51,23,False,False,False,28,28,56,tuple_edge_1596,1596,1|1|28|56|1596
False,06_12,6:52,12:52,6,12,52,52,23,False,False,False,29,29,58,tuple_edge_1600,1600,1|1|29|58|1600
False,06_12,6:53,12:53,6,12,53,53,23,False,False,False,30,30,60,tuple_edge_1603,1603,1|1|30|60|1603
False,06_12,6:54,12:54,6,12,54,54,23,False,False,False,31,31,62,tuple_edge_1605,1605,1|1|31|62|1605
False,06_12,6:55,12:55,6,12,55,55,23,False,False,False,32,32,64,tuple_edge_1607,1607,1|1|32|64|1607
False,06_12,6:56,12:56,6,12,56,56,23,False,False,False,33,33,66,tuple_edge_1609,1609,1|1|33|66|1609
False,06_12,6:57,12:57,6,12,57,57,23,False,False,False,34,34,68,tuple_edge_1611,1611,1|1|34|68|1611
False,06_12,6:58,12:58,6,12,58,58,23,False,False,False,35,35,70,tuple_edge_1613,1613,1|1|35|70|1613
False,06_12,6:59,12:59,6,12,59,59,23,False,False,False,36,36,72,tuple_edge_1615,1615,1|1|36|72|1615
False,06_13,6:24,13:24,6,13,24,24,24,True,True,True,0,0,0,tuple_edge_1475,1475,0|0|0|0|1475
False,06_13,6:23,13:23,6,13,23,23,24,False,False,False,1,1,2,tuple_edge_1473,1473,1|1|1|2|1473
False,06_13,6:25,13:25,6,13,25,25,24,False,False,False,1,1,2,tuple_edge_1478,1478,1|1|1|2|1478
False,06_13,6:22,13:22,6,13,22,22,24,False,False,False,2,2,4,tuple_edge_1470,1470,1|1|2|4|1470
False,06_13,6:26,13:26,6,13,26,26,24,False,False,False,2,2,4,tuple_edge_1480,1480,1|1|2|4|1480
False,06_13,6:21,13:21,6,13,21,21,24,False,False,False,3,3,6,tuple_edge_1465,1465,1|1|3|6|1465
False,06_13,6:27,13:27,6,13,27,27,24,False,False,False,3,3,6,tuple_edge_1483,1483,1|1|3|6|1483
False,06_13,6:20,13:20,6,13,20,20,24,False,False,False,4,4,8,tuple_edge_1460,1460,1|1|4|8|1460
False,06_13,6:28,13:28,6,13,28,28,24,False,False,False,4,4,8,tuple_edge_1488,1488,1|1|4|8|1488
False,06_13,6:19,13:19,6,13,19,19,24,False,False,False,5,5,10,tuple_edge_1452,1452,1|1|5|10|1452
False,06_13,6:29,13:29,6,13,29,29,24,False,False,False,5,5,10,tuple_edge_1493,1493,1|1|5|10|1493
False,06_13,6:18,13:18,6,13,18,18,24,False,False,False,6,6,12,tuple_edge_1447,1447,1|1|6|12|1447
False,06_13,6:30,13:30,6,13,30,30,24,False,False,False,6,6,12,tuple_edge_1503,1503,1|1|6|12|1503
False,06_13,6:17,13:17,6,13,17,17,24,False,False,False,7,7,14,tuple_edge_1442,1442,1|1|7|14|1442
False,06_13,6:31,13:31,6,13,31,31,24,False,False,False,7,7,14,tuple_edge_1508,1508,1|1|7|14|1508
False,06_13,6:16,13:16,6,13,16,16,24,False,False,False,8,8,16,tuple_edge_1438,1438,1|1|8|16|1438
False,06_13,6:32,13:32,6,13,32,32,24,False,False,False,8,8,16,tuple_edge_1513,1513,1|1|8|16|1513
False,06_13,6:15,13:15,6,13,15,15,24,False,False,False,9,9,18,tuple_edge_1434,1434,1|1|9|18|1434
False,06_13,6:33,13:33,6,13,33,33,24,False,False,False,9,9,18,tuple_edge_1516,1516,1|1|9|18|1516
False,06_13,6:14,13:14,6,13,14,14,24,False,False,False,10,10,20,tuple_edge_1430,1430,1|1|10|20|1430
False,06_13,6:34,13:34,6,13,34,34,24,False,False,False,10,10,20,tuple_edge_1518,1518,1|1|10|20|1518
False,06_13,6:13,13:13,6,13,13,13,24,False,False,False,11,11,22,tuple_edge_1425,1425,1|1|11|22|1425
False,06_13,6:35,13:35,6,13,35,35,24,False,False,False,11,11,22,tuple_edge_1521,1521,1|1|11|22|1521
False,06_13,6:12,13:12,6,13,12,12,24,False,False,False,12,12,24,tuple_edge_1419,1419,1|1|12|24|1419
False,06_13,6:36,13:36,6,13,36,36,24,False,False,False,12,12,24,tuple_edge_1523,1523,1|1|12|24|1523
False,06_13,6:11,13:11,6,13,11,11,24,False,False,False,13,13,26,tuple_edge_1413,1413,1|1|13|26|1413
False,06_13,6:37,13:37,6,13,37,37,24,False,False,False,13,13,26,tuple_edge_1526,1526,1|1|13|26|1526
False,06_13,6:10,13:10,6,13,10,10,24,False,False,False,14,14,28,tuple_edge_1408,1408,1|1|14|28|1408
False,06_13,6:38,13:38,6,13,38,38,24,False,False,False,14,14,28,tuple_edge_1531,1531,1|1|14|28|1531
False,06_13,6:9,13:9,6,13,9,9,24,False,False,False,15,15,30,tuple_edge_1400,1400,1|1|15|30|1400
False,06_13,6:39,13:39,6,13,39,39,24,False,False,False,15,15,30,tuple_edge_1536,1536,1|1|15|30|1536
False,06_13,6:8,13:8,6,13,8,8,24,False,False,False,16,16,32,tuple_edge_1394,1394,1|1|16|32|1394
False,06_13,6:40,13:40,6,13,40,40,24,False,False,False,16,16,32,tuple_edge_1554,1554,1|1|16|32|1554
False,06_13,6:7,13:7,6,13,7,7,24,False,False,False,17,17,34,tuple_edge_1388,1388,1|1|17|34|1388
False,06_13,6:41,13:41,6,13,41,41,24,False,False,False,17,17,34,tuple_edge_1559,1559,1|1|17|34|1559
False,06_13,6:6,13:6,6,13,6,6,24,False,False,False,18,18,36,tuple_edge_1382,1382,1|1|18|36|1382
False,06_13,6:42,13:42,6,13,42,42,24,False,False,False,18,18,36,tuple_edge_1564,1564,1|1|18|36|1564
False,06_13,6:5,13:5,6,13,5,5,24,False,False,False,19,19,38,tuple_edge_1376,1376,1|1|19|38|1376
False,06_13,6:43,13:43,6,13,43,43,24,False,False,False,19,19,38,tuple_edge_1567,1567,1|1|19|38|1567
False,06_13,6:4,13:4,6,13,4,4,24,False,False,False,20,20,40,tuple_edge_1370,1370,1|1|20|40|1370
False,06_13,6:44,13:44,6,13,44,44,24,False,False,False,20,20,40,tuple_edge_1569,1569,1|1|20|40|1569
False,06_13,6:3,13:3,6,13,3,3,24,False,False,False,21,21,42,tuple_edge_1364,1364,1|1|21|42|1364
False,06_13,6:45,13:45,6,13,45,45,24,False,False,False,21,21,42,tuple_edge_1572,1572,1|1|21|42|1572
False,06_13,6:2,13:2,6,13,2,2,24,False,False,False,22,22,44,tuple_edge_1358,1358,1|1|22|44|1358
False,06_13,6:46,13:46,6,13,46,46,24,False,False,False,22,22,44,tuple_edge_1574,1574,1|1|22|44|1574
False,06_13,6:1,13:1,6,13,1,1,24,False,False,False,23,23,46,tuple_edge_1352,1352,1|1|23|46|1352
False,06_13,6:47,13:47,6,13,47,47,24,False,False,False,23,23,46,tuple_edge_1577,1577,1|1|23|46|1577
False,06_13,6:0,13:0,6,13,0,0,24,False,False,False,24,24,48,tuple_edge_1346,1346,1|1|24|48|1346
False,06_13,6:48,13:48,6,13,48,48,24,False,False,False,24,24,48,tuple_edge_1582,1582,1|1|24|48|1582
False,06_13,6:49,13:49,6,13,49,49,24,False,False,False,25,25,50,tuple_edge_1587,1587,1|1|25|50|1587
False,06_13,6:50,13:50,6,13,50,50,24,False,False,False,26,26,52,tuple_edge_1594,1594,1|1|26|52|1594
False,06_13,6:51,13:51,6,13,51,51,24,False,False,False,27,27,54,tuple_edge_1597,1597,1|1|27|54|1597
False,06_13,6:52,13:52,6,13,52,52,24,False,False,False,28,28,56,tuple_edge_1601,1601,1|1|28|56|1601
False,06_13,6:53,13:53,6,13,53,53,24,False,False,False,29,29,58,tuple_edge_1604,1604,1|1|29|58|1604
False,06_13,6:54,13:54,6,13,54,54,24,False,False,False,30,30,60,tuple_edge_1606,1606,1|1|30|60|1606
False,06_13,6:55,13:55,6,13,55,55,24,False,False,False,31,31,62,tuple_edge_1608,1608,1|1|31|62|1608
False,06_13,6:56,13:56,6,13,56,56,24,False,False,False,32,32,64,tuple_edge_1610,1610,1|1|32|64|1610
False,06_13,6:57,13:57,6,13,57,57,24,False,False,False,33,33,66,tuple_edge_1612,1612,1|1|33|66|1612
False,06_13,6:58,13:58,6,13,58,58,24,False,False,False,34,34,68,tuple_edge_1614,1614,1|1|34|68|1614
False,06_13,6:59,13:59,6,13,59,59,24,False,False,False,35,35,70,tuple_edge_1616,1616,1|1|35|70|1616
