hypothesis_id,hypothesis_status,sharpness,field_count,fields,values,selector_expression,bucket_size,rank_score,frontier_indices,candidate_indices,admission_effect,new_permission_channel_admitted,new_information_transport_admitted
H0001,choice_hypothesis_candidate_not_admission,small_bucket,1,E,11,E=11,2,1002,2 47,77701 223693,none,false,false
H0002,choice_hypothesis_candidate_not_admission,small_bucket,1,E,12,E=12,2,1002,15 41,102156 222408,none,false,false
H0003,choice_hypothesis_candidate_not_admission,small_bucket,1,D,6,D=6,3,1003,24 36 56,111209 186724 258796,none,false,false
H0004,choice_hypothesis_candidate_not_admission,small_bucket,1,A,14,A=14,4,1004,68 69 70 71,345484 345525 350500 350541,none,false,false
H0005,choice_hypothesis_candidate_not_admission,small_bucket,1,B,5,B=5,4,1004,52 53 68 69,249388 249429 345484 345525,none,false,false
H0006,choice_hypothesis_candidate_not_admission,small_bucket,1,B,8,B=8,4,1004,60 61 70 71,326476 326517 350500 350541,none,false,false
H0007,choice_hypothesis_candidate_not_admission,small_bucket,1,C,3,C=3,4,1004,60 61 70 71,326476 326517 350500 350541,none,false,false
H0008,choice_hypothesis_candidate_not_admission,small_bucket,1,C,4,C=4,4,1004,52 53 68 69,249388 249429 345484 345525,none,false,false
H0009,choice_hypothesis_candidate_not_admission,small_bucket,1,D,7,D=7,4,1004,7 20 30 64,87062 111086 164415 334443,none,false,false
H0010,choice_hypothesis_candidate_not_admission,small_bucket,1,D,9,D=9,4,1004,53 61 69 71,249429 326517 345525 350541,none,false,false
H0011,choice_hypothesis_candidate_not_admission,small_bucket,1,E,9,E=9,4,1004,52 60 68 70,249388 326476 345484 350500,none,false,false
H0012,choice_hypothesis_candidate_not_admission,medium_bucket,1,A,6,A=6,6,1006,28 29 30 31 32 33,164113 164124 164415 164445 164446 164450,none,false,false
H0013,choice_hypothesis_candidate_not_admission,medium_bucket,1,A,7,A=7,6,1006,34 35 36 37 38 39,186421 186432 186724 186765 186766 186769,none,false,false
H0014,choice_hypothesis_candidate_not_admission,medium_bucket,1,D,3,D=3,6,1006,28 34 52 54 62 68,164113 186421 249388 258625 334129 345484,none,false,false
H0015,choice_hypothesis_candidate_not_admission,medium_bucket,1,D,4,D=4,6,1006,29 35 55 60 63 70,164124 186432 258636 326476 334140 350500,none,false,false
H0016,choice_hypothesis_candidate_not_admission,medium_bucket,1,E,3,E=3,6,1006,29 35 53 55 63 69,164124 186432 249429 258636 334140 345525,none,false,false
H0017,choice_hypothesis_candidate_not_admission,medium_bucket,1,E,4,E=4,6,1006,28 34 54 61 62 71,164113 186421 258625 326517 334129 350541,none,false,false
H0018,choice_hypothesis_candidate_not_admission,medium_bucket,1,E,5,E=5,6,1006,8 17 21 31 43 65,87081 102161 111105 164445 222414 334472,none,false,false
H0019,choice_hypothesis_candidate_not_admission,medium_bucket,1,E,6,E=6,6,1006,11 14 25 37 40 57,87236 102151 111260 186765 222404 258837,none,false,false
H0020,choice_hypothesis_candidate_not_admission,medium_bucket,1,E,7,E=7,6,1006,1 9 22 32 46 66,77698 87083 111107 164446 223691 334474,none,false,false
H0021,choice_hypothesis_candidate_not_admission,medium_bucket,1,E,8,E=8,6,1006,4 12 26 38 49 58,77743 87238 111262 186766 223736 258839,none,false,false
H0022,choice_hypothesis_candidate_not_admission,medium_bucket,1,A,10,A=10,8,1008,52 53 54 55 56 57 58 59,249388 249429 258625 258636 258796 258837 258839 258841,none,false,false
H0023,choice_hypothesis_candidate_not_admission,medium_bucket,1,C,9,C=9,8,1008,28 29 34 35 54 55 62 63,164113 164124 186421 186432 258625 258636 334129 334140,none,false,false
H0024,choice_hypothesis_candidate_not_admission,medium_bucket,1,E,10,E=10,8,1008,5 7 18 20 30 44 50 64,77745 87062 102165 111086 164415 222417 223737 334443,none,false,false
H0025,choice_hypothesis_candidate_not_admission,medium_bucket,1,A,9,A=9,12,1012,40 41 42 43 44 45 46 47 48 49 50 51,222404 222408 222409 222414 222417 222420 223691 223693 223696 223736 223737 223740,none,false,false
H0026,choice_hypothesis_candidate_not_admission,medium_bucket,1,B,11,B=11,12,1012,34 35 36 37 38 39 54 55 56 57 58 59,186421 186432 186724 186765 186766 186769 258625 258636 258796 258837 258839 258841,none,false,false
H0027,choice_hypothesis_candidate_not_admission,medium_bucket,1,B,12,B=12,12,1012,28 29 30 31 32 33 62 63 64 65 66 67,164113 164124 164415 164445 164446 164450 334129 334140 334443 334472 334474 334477,none,false,false
H0028,choice_hypothesis_candidate_not_admission,medium_bucket,1,B,3,B=3,12,1012,14 15 16 17 18 19 40 41 42 43 44 45,102151 102156 102157 102161 102165 102168 222404 222408 222409 222414 222417 222420,none,false,false
H0029,choice_hypothesis_candidate_not_admission,medium_bucket,1,B,4,B=4,12,1012,1 2 3 4 5 6 46 47 48 49 50 51,77698 77701 77704 77743 77745 77748 223691 223693 223696 223736 223737 223740,none,false,false
H0030,choice_hypothesis_candidate_not_admission,medium_bucket,1,C,5,C=5,12,1012,1 2 3 4 5 6 46 47 48 49 50 51,77698 77701 77704 77743 77745 77748 223691 223693 223696 223736 223737 223740,none,false,false
H0031,choice_hypothesis_candidate_not_admission,medium_bucket,1,C,8,C=8,12,1012,14 15 16 17 18 19 40 41 42 43 44 45,102151 102156 102157 102161 102165 102168 222404 222408 222409 222414 222417 222420,none,false,false
H0032,choice_hypothesis_candidate_not_admission,medium_bucket,1,D,14,D=14,12,1012,4 5 6 17 18 19 43 44 45 49 50 51,77743 77745 77748 102161 102165 102168 222414 222417 222420 223736 223737 223740,none,false,false
H0033,choice_hypothesis_candidate_not_admission,medium_bucket,1,E,14,E=14,12,1012,3 10 13 16 23 27 33 39 42 48 59 67,77704 87087 87241 102157 111111 111265 164450 186769 222409 223696 258841 334477,none,false,false
H0034,choice_hypothesis_candidate_not_admission,broad_bucket,1,A,3,A=3,13,1013,1 2 3 4 5 6 7 8 9 10 11 12 13,77698 77701 77704 77743 77745 77748 87062 87081 87083 87087 87236 87238 87241,none,false,false
H0035,choice_hypothesis_candidate_not_admission,broad_bucket,1,A,4,A=4,14,1014,14 15 16 17 18 19 20 21 22 23 24 25 26 27,102151 102156 102157 102161 102165 102168 111086 111105 111107 111111 111209 111260 111262 111265,none,false,false
H0036,choice_hypothesis_candidate_not_admission,broad_bucket,1,B,9,B=9,15,1015,7 8 9 10 11 12 13 20 21 22 23 24 25 26 27,87062 87081 87083 87087 87236 87238 87241 111086 111105 111107 111111 111209 111260 111262 111265,none,false,false
H0037,choice_hypothesis_candidate_not_admission,broad_bucket,1,C,12,C=12,15,1015,11 12 13 24 25 26 27 36 37 38 39 56 57 58 59,87236 87238 87241 111209 111260 111262 111265 186724 186765 186766 186769 258796 258837 258839 258841,none,false,false
H0038,choice_hypothesis_candidate_not_admission,broad_bucket,1,C,11,C=11,16,1016,7 8 9 10 20 21 22 23 30 31 32 33 64 65 66 67,87062 87081 87083 87087 111086 111105 111107 111111 164415 164445 164446 164450 334443 334472 334474 334477,none,false,false
H0039,choice_hypothesis_candidate_not_admission,broad_bucket,1,D,10,D=10,18,1018,1 2 3 8 9 10 21 22 23 31 32 33 46 47 48 65 66 67,77698 77701 77704 87081 87083 87087 111105 111107 111111 164445 164446 164450 223691 223693 223696 334472 334474 334477,none,false,false
H0040,choice_hypothesis_candidate_not_admission,small_bucket,2,A B,10 | 5,A=10 AND B=5,2,2002,52 53,249388 249429,none,false,false
H0041,choice_hypothesis_candidate_not_admission,small_bucket,2,A B,14 | 5,A=14 AND B=5,2,2002,68 69,345484 345525,none,false,false
H0042,choice_hypothesis_candidate_not_admission,small_bucket,2,A B,14 | 8,A=14 AND B=8,2,2002,70 71,350500 350541,none,false,false
H0043,choice_hypothesis_candidate_not_admission,small_bucket,2,A C,10 | 4,A=10 AND C=4,2,2002,52 53,249388 249429,none,false,false
H0044,choice_hypothesis_candidate_not_admission,small_bucket,2,A C,10 | 9,A=10 AND C=9,2,2002,54 55,258625 258636,none,false,false
H0045,choice_hypothesis_candidate_not_admission,small_bucket,2,A C,14 | 3,A=14 AND C=3,2,2002,70 71,350500 350541,none,false,false
H0046,choice_hypothesis_candidate_not_admission,small_bucket,2,A C,14 | 4,A=14 AND C=4,2,2002,68 69,345484 345525,none,false,false
H0047,choice_hypothesis_candidate_not_admission,small_bucket,2,A C,6 | 9,A=6 AND C=9,2,2002,28 29,164113 164124,none,false,false
H0048,choice_hypothesis_candidate_not_admission,small_bucket,2,A C,7 | 9,A=7 AND C=9,2,2002,34 35,186421 186432,none,false,false
H0049,choice_hypothesis_candidate_not_admission,small_bucket,2,A D,10 | 3,A=10 AND D=3,2,2002,52 54,249388 258625,none,false,false
H0050,choice_hypothesis_candidate_not_admission,small_bucket,2,A D,14 | 9,A=14 AND D=9,2,2002,69 71,345525 350541,none,false,false
H0051,choice_hypothesis_candidate_not_admission,small_bucket,2,A E,10 | 3,A=10 AND E=3,2,2002,53 55,249429 258636,none,false,false
H0052,choice_hypothesis_candidate_not_admission,small_bucket,2,A E,14 | 9,A=14 AND E=9,2,2002,68 70,345484 350500,none,false,false
H0053,choice_hypothesis_candidate_not_admission,small_bucket,2,A E,3 | 10,A=3 AND E=10,2,2002,5 7,77745 87062,none,false,false
H0054,choice_hypothesis_candidate_not_admission,small_bucket,2,A E,3 | 7,A=3 AND E=7,2,2002,1 9,77698 87083,none,false,false
H0055,choice_hypothesis_candidate_not_admission,small_bucket,2,A E,3 | 8,A=3 AND E=8,2,2002,4 12,77743 87238,none,false,false
H0056,choice_hypothesis_candidate_not_admission,small_bucket,2,A E,4 | 10,A=4 AND E=10,2,2002,18 20,102165 111086,none,false,false
H0057,choice_hypothesis_candidate_not_admission,small_bucket,2,A E,4 | 5,A=4 AND E=5,2,2002,17 21,102161 111105,none,false,false
H0058,choice_hypothesis_candidate_not_admission,small_bucket,2,A E,4 | 6,A=4 AND E=6,2,2002,14 25,102151 111260,none,false,false
H0059,choice_hypothesis_candidate_not_admission,small_bucket,2,A E,9 | 10,A=9 AND E=10,2,2002,44 50,222417 223737,none,false,false
H0060,choice_hypothesis_candidate_not_admission,small_bucket,2,A E,9 | 14,A=9 AND E=14,2,2002,42 48,222409 223696,none,false,false
H0061,choice_hypothesis_candidate_not_admission,small_bucket,2,B D,11 | 3,B=11 AND D=3,2,2002,34 54,186421 258625,none,false,false
H0062,choice_hypothesis_candidate_not_admission,small_bucket,2,B D,11 | 4,B=11 AND D=4,2,2002,35 55,186432 258636,none,false,false
H0063,choice_hypothesis_candidate_not_admission,small_bucket,2,B D,11 | 6,B=11 AND D=6,2,2002,36 56,186724 258796,none,false,false
H0064,choice_hypothesis_candidate_not_admission,small_bucket,2,B D,12 | 3,B=12 AND D=3,2,2002,28 62,164113 334129,none,false,false
H0065,choice_hypothesis_candidate_not_admission,small_bucket,2,B D,12 | 4,B=12 AND D=4,2,2002,29 63,164124 334140,none,false,false
H0066,choice_hypothesis_candidate_not_admission,small_bucket,2,B D,12 | 7,B=12 AND D=7,2,2002,30 64,164415 334443,none,false,false
H0067,choice_hypothesis_candidate_not_admission,small_bucket,2,B D,5 | 3,B=5 AND D=3,2,2002,52 68,249388 345484,none,false,false
H0068,choice_hypothesis_candidate_not_admission,small_bucket,2,B D,5 | 9,B=5 AND D=9,2,2002,53 69,249429 345525,none,false,false
H0069,choice_hypothesis_candidate_not_admission,small_bucket,2,B D,8 | 4,B=8 AND D=4,2,2002,60 70,326476 350500,none,false,false
H0070,choice_hypothesis_candidate_not_admission,small_bucket,2,B D,8 | 9,B=8 AND D=9,2,2002,61 71,326517 350541,none,false,false
H0071,choice_hypothesis_candidate_not_admission,small_bucket,2,B D,9 | 7,B=9 AND D=7,2,2002,7 20,87062 111086,none,false,false
H0072,choice_hypothesis_candidate_not_admission,small_bucket,2,B E,11 | 14,B=11 AND E=14,2,2002,39 59,186769 258841,none,false,false
H0073,choice_hypothesis_candidate_not_admission,small_bucket,2,B E,11 | 3,B=11 AND E=3,2,2002,35 55,186432 258636,none,false,false
H0074,choice_hypothesis_candidate_not_admission,small_bucket,2,B E,11 | 4,B=11 AND E=4,2,2002,34 54,186421 258625,none,false,false
H0075,choice_hypothesis_candidate_not_admission,small_bucket,2,B E,11 | 6,B=11 AND E=6,2,2002,37 57,186765 258837,none,false,false
H0076,choice_hypothesis_candidate_not_admission,small_bucket,2,B E,11 | 8,B=11 AND E=8,2,2002,38 58,186766 258839,none,false,false
H0077,choice_hypothesis_candidate_not_admission,small_bucket,2,B E,12 | 10,B=12 AND E=10,2,2002,30 64,164415 334443,none,false,false
H0078,choice_hypothesis_candidate_not_admission,small_bucket,2,B E,12 | 14,B=12 AND E=14,2,2002,33 67,164450 334477,none,false,false
H0079,choice_hypothesis_candidate_not_admission,small_bucket,2,B E,12 | 3,B=12 AND E=3,2,2002,29 63,164124 334140,none,false,false
H0080,choice_hypothesis_candidate_not_admission,small_bucket,2,B E,12 | 4,B=12 AND E=4,2,2002,28 62,164113 334129,none,false,false
H0081,choice_hypothesis_candidate_not_admission,small_bucket,2,B E,12 | 5,B=12 AND E=5,2,2002,31 65,164445 334472,none,false,false
H0082,choice_hypothesis_candidate_not_admission,small_bucket,2,B E,12 | 7,B=12 AND E=7,2,2002,32 66,164446 334474,none,false,false
H0083,choice_hypothesis_candidate_not_admission,small_bucket,2,B E,3 | 10,B=3 AND E=10,2,2002,18 44,102165 222417,none,false,false
H0084,choice_hypothesis_candidate_not_admission,small_bucket,2,B E,3 | 12,B=3 AND E=12,2,2002,15 41,102156 222408,none,false,false
H0085,choice_hypothesis_candidate_not_admission,small_bucket,2,B E,3 | 14,B=3 AND E=14,2,2002,16 42,102157 222409,none,false,false
H0086,choice_hypothesis_candidate_not_admission,small_bucket,2,B E,3 | 5,B=3 AND E=5,2,2002,17 43,102161 222414,none,false,false
H0087,choice_hypothesis_candidate_not_admission,small_bucket,2,B E,3 | 6,B=3 AND E=6,2,2002,14 40,102151 222404,none,false,false
H0088,choice_hypothesis_candidate_not_admission,small_bucket,2,B E,4 | 10,B=4 AND E=10,2,2002,5 50,77745 223737,none,false,false
H0089,choice_hypothesis_candidate_not_admission,small_bucket,2,B E,4 | 11,B=4 AND E=11,2,2002,2 47,77701 223693,none,false,false
H0090,choice_hypothesis_candidate_not_admission,small_bucket,2,B E,4 | 14,B=4 AND E=14,2,2002,3 48,77704 223696,none,false,false
H0091,choice_hypothesis_candidate_not_admission,small_bucket,2,B E,4 | 7,B=4 AND E=7,2,2002,1 46,77698 223691,none,false,false
H0092,choice_hypothesis_candidate_not_admission,small_bucket,2,B E,4 | 8,B=4 AND E=8,2,2002,4 49,77743 223736,none,false,false
H0093,choice_hypothesis_candidate_not_admission,small_bucket,2,B E,5 | 3,B=5 AND E=3,2,2002,53 69,249429 345525,none,false,false
H0094,choice_hypothesis_candidate_not_admission,small_bucket,2,B E,5 | 9,B=5 AND E=9,2,2002,52 68,249388 345484,none,false,false
H0095,choice_hypothesis_candidate_not_admission,small_bucket,2,B E,8 | 4,B=8 AND E=4,2,2002,61 71,326517 350541,none,false,false
H0096,choice_hypothesis_candidate_not_admission,small_bucket,2,B E,8 | 9,B=8 AND E=9,2,2002,60 70,326476 350500,none,false,false
H0097,choice_hypothesis_candidate_not_admission,small_bucket,2,B E,9 | 10,B=9 AND E=10,2,2002,7 20,87062 111086,none,false,false
H0098,choice_hypothesis_candidate_not_admission,small_bucket,2,B E,9 | 5,B=9 AND E=5,2,2002,8 21,87081 111105,none,false,false
H0099,choice_hypothesis_candidate_not_admission,small_bucket,2,B E,9 | 6,B=9 AND E=6,2,2002,11 25,87236 111260,none,false,false
H0100,choice_hypothesis_candidate_not_admission,small_bucket,2,B E,9 | 7,B=9 AND E=7,2,2002,9 22,87083 111107,none,false,false
H0101,choice_hypothesis_candidate_not_admission,small_bucket,2,B E,9 | 8,B=9 AND E=8,2,2002,12 26,87238 111262,none,false,false
H0102,choice_hypothesis_candidate_not_admission,small_bucket,2,C D,3 | 4,C=3 AND D=4,2,2002,60 70,326476 350500,none,false,false
H0103,choice_hypothesis_candidate_not_admission,small_bucket,2,C D,3 | 9,C=3 AND D=9,2,2002,61 71,326517 350541,none,false,false
H0104,choice_hypothesis_candidate_not_admission,small_bucket,2,C D,4 | 3,C=4 AND D=3,2,2002,52 68,249388 345484,none,false,false
H0105,choice_hypothesis_candidate_not_admission,small_bucket,2,C D,4 | 9,C=4 AND D=9,2,2002,53 69,249429 345525,none,false,false
H0106,choice_hypothesis_candidate_not_admission,small_bucket,2,C E,3 | 4,C=3 AND E=4,2,2002,61 71,326517 350541,none,false,false
H0107,choice_hypothesis_candidate_not_admission,small_bucket,2,C E,3 | 9,C=3 AND E=9,2,2002,60 70,326476 350500,none,false,false
H0108,choice_hypothesis_candidate_not_admission,small_bucket,2,C E,4 | 3,C=4 AND E=3,2,2002,53 69,249429 345525,none,false,false
H0109,choice_hypothesis_candidate_not_admission,small_bucket,2,C E,4 | 9,C=4 AND E=9,2,2002,52 68,249388 345484,none,false,false
H0110,choice_hypothesis_candidate_not_admission,small_bucket,2,C E,5 | 10,C=5 AND E=10,2,2002,5 50,77745 223737,none,false,false
H0111,choice_hypothesis_candidate_not_admission,small_bucket,2,C E,5 | 11,C=5 AND E=11,2,2002,2 47,77701 223693,none,false,false
H0112,choice_hypothesis_candidate_not_admission,small_bucket,2,C E,5 | 14,C=5 AND E=14,2,2002,3 48,77704 223696,none,false,false
H0113,choice_hypothesis_candidate_not_admission,small_bucket,2,C E,5 | 7,C=5 AND E=7,2,2002,1 46,77698 223691,none,false,false
H0114,choice_hypothesis_candidate_not_admission,small_bucket,2,C E,5 | 8,C=5 AND E=8,2,2002,4 49,77743 223736,none,false,false
H0115,choice_hypothesis_candidate_not_admission,small_bucket,2,C E,8 | 10,C=8 AND E=10,2,2002,18 44,102165 222417,none,false,false
H0116,choice_hypothesis_candidate_not_admission,small_bucket,2,C E,8 | 12,C=8 AND E=12,2,2002,15 41,102156 222408,none,false,false
H0117,choice_hypothesis_candidate_not_admission,small_bucket,2,C E,8 | 14,C=8 AND E=14,2,2002,16 42,102157 222409,none,false,false
H0118,choice_hypothesis_candidate_not_admission,small_bucket,2,C E,8 | 5,C=8 AND E=5,2,2002,17 43,102161 222414,none,false,false
H0119,choice_hypothesis_candidate_not_admission,small_bucket,2,C E,8 | 6,C=8 AND E=6,2,2002,14 40,102151 222404,none,false,false
H0120,choice_hypothesis_candidate_not_admission,small_bucket,2,D E,10 | 11,D=10 AND E=11,2,2002,2 47,77701 223693,none,false,false
H0121,choice_hypothesis_candidate_not_admission,small_bucket,2,D E,14 | 5,D=14 AND E=5,2,2002,17 43,102161 222414,none,false,false
H0122,choice_hypothesis_candidate_not_admission,small_bucket,2,D E,14 | 8,D=14 AND E=8,2,2002,4 49,77743 223736,none,false,false
H0123,choice_hypothesis_candidate_not_admission,small_bucket,2,D E,3 | 9,D=3 AND E=9,2,2002,52 68,249388 345484,none,false,false
H0124,choice_hypothesis_candidate_not_admission,small_bucket,2,D E,4 | 9,D=4 AND E=9,2,2002,60 70,326476 350500,none,false,false
H0125,choice_hypothesis_candidate_not_admission,small_bucket,2,D E,9 | 3,D=9 AND E=3,2,2002,53 69,249429 345525,none,false,false
H0126,choice_hypothesis_candidate_not_admission,small_bucket,2,D E,9 | 4,D=9 AND E=4,2,2002,61 71,326517 350541,none,false,false
H0127,choice_hypothesis_candidate_not_admission,small_bucket,2,A C,3 | 12,A=3 AND C=12,3,2003,11 12 13,87236 87238 87241,none,false,false
H0128,choice_hypothesis_candidate_not_admission,small_bucket,2,A D,3 | 14,A=3 AND D=14,3,2003,4 5 6,77743 77745 77748,none,false,false
H0129,choice_hypothesis_candidate_not_admission,small_bucket,2,A D,4 | 10,A=4 AND D=10,3,2003,21 22 23,111105 111107 111111,none,false,false
H0130,choice_hypothesis_candidate_not_admission,small_bucket,2,A D,4 | 14,A=4 AND D=14,3,2003,17 18 19,102161 102165 102168,none,false,false
H0131,choice_hypothesis_candidate_not_admission,small_bucket,2,A D,6 | 10,A=6 AND D=10,3,2003,31 32 33,164445 164446 164450,none,false,false
H0132,choice_hypothesis_candidate_not_admission,small_bucket,2,A D,9 | 10,A=9 AND D=10,3,2003,46 47 48,223691 223693 223696,none,false,false
H0133,choice_hypothesis_candidate_not_admission,small_bucket,2,A E,3 | 14,A=3 AND E=14,3,2003,3 10 13,77704 87087 87241,none,false,false
H0134,choice_hypothesis_candidate_not_admission,small_bucket,2,A E,4 | 14,A=4 AND E=14,3,2003,16 23 27,102157 111111 111265,none,false,false
H0135,choice_hypothesis_candidate_not_admission,small_bucket,2,C D,12 | 6,C=12 AND D=6,3,2003,24 36 56,111209 186724 258796,none,false,false
H0136,choice_hypothesis_candidate_not_admission,small_bucket,2,A C,10 | 12,A=10 AND C=12,4,2004,56 57 58 59,258796 258837 258839 258841,none,false,false
H0137,choice_hypothesis_candidate_not_admission,small_bucket,2,A C,3 | 11,A=3 AND C=11,4,2004,7 8 9 10,87062 87081 87083 87087,none,false,false
H0138,choice_hypothesis_candidate_not_admission,small_bucket,2,A C,4 | 11,A=4 AND C=11,4,2004,20 21 22 23,111086 111105 111107 111111,none,false,false
H0139,choice_hypothesis_candidate_not_admission,small_bucket,2,A C,4 | 12,A=4 AND C=12,4,2004,24 25 26 27,111209 111260 111262 111265,none,false,false
H0140,choice_hypothesis_candidate_not_admission,small_bucket,2,A C,6 | 11,A=6 AND C=11,4,2004,30 31 32 33,164415 164445 164446 164450,none,false,false
H0141,choice_hypothesis_candidate_not_admission,small_bucket,2,A C,7 | 12,A=7 AND C=12,4,2004,36 37 38 39,186724 186765 186766 186769,none,false,false
H0142,choice_hypothesis_candidate_not_admission,small_bucket,2,B C,11 | 9,B=11 AND C=9,4,2004,34 35 54 55,186421 186432 258625 258636,none,false,false
H0143,choice_hypothesis_candidate_not_admission,small_bucket,2,B C,12 | 9,B=12 AND C=9,4,2004,28 29 62 63,164113 164124 334129 334140,none,false,false
H0144,choice_hypothesis_candidate_not_admission,small_bucket,2,B C,5 | 4,B=5 AND C=4,4,2004,52 53 68 69,249388 249429 345484 345525,none,false,false
H0145,choice_hypothesis_candidate_not_admission,small_bucket,2,B C,8 | 3,B=8 AND C=3,4,2004,60 61 70 71,326476 326517 350500 350541,none,false,false
H0146,choice_hypothesis_candidate_not_admission,small_bucket,2,B E,9 | 14,B=9 AND E=14,4,2004,10 13 23 27,87087 87241 111111 111265,none,false,false
H0147,choice_hypothesis_candidate_not_admission,small_bucket,2,C D,11 | 7,C=11 AND D=7,4,2004,7 20 30 64,87062 111086 164415 334443,none,false,false
H0148,choice_hypothesis_candidate_not_admission,small_bucket,2,C D,9 | 3,C=9 AND D=3,4,2004,28 34 54 62,164113 186421 258625 334129,none,false,false
H0149,choice_hypothesis_candidate_not_admission,small_bucket,2,C D,9 | 4,C=9 AND D=4,4,2004,29 35 55 63,164124 186432 258636 334140,none,false,false
H0150,choice_hypothesis_candidate_not_admission,small_bucket,2,C E,11 | 10,C=11 AND E=10,4,2004,7 20 30 64,87062 111086 164415 334443,none,false,false
H0151,choice_hypothesis_candidate_not_admission,small_bucket,2,C E,11 | 14,C=11 AND E=14,4,2004,10 23 33 67,87087 111111 164450 334477,none,false,false
H0152,choice_hypothesis_candidate_not_admission,small_bucket,2,C E,11 | 5,C=11 AND E=5,4,2004,8 21 31 65,87081 111105 164445 334472,none,false,false
H0153,choice_hypothesis_candidate_not_admission,small_bucket,2,C E,11 | 7,C=11 AND E=7,4,2004,9 22 32 66,87083 111107 164446 334474,none,false,false
H0154,choice_hypothesis_candidate_not_admission,small_bucket,2,C E,12 | 14,C=12 AND E=14,4,2004,13 27 39 59,87241 111265 186769 258841,none,false,false
H0155,choice_hypothesis_candidate_not_admission,small_bucket,2,C E,12 | 6,C=12 AND E=6,4,2004,11 25 37 57,87236 111260 186765 258837,none,false,false
H0156,choice_hypothesis_candidate_not_admission,small_bucket,2,C E,12 | 8,C=12 AND E=8,4,2004,12 26 38 58,87238 111262 186766 258839,none,false,false
H0157,choice_hypothesis_candidate_not_admission,small_bucket,2,C E,9 | 3,C=9 AND E=3,4,2004,29 35 55 63,164124 186432 258636 334140,none,false,false
H0158,choice_hypothesis_candidate_not_admission,small_bucket,2,C E,9 | 4,C=9 AND E=4,4,2004,28 34 54 62,164113 186421 258625 334129,none,false,false
H0159,choice_hypothesis_candidate_not_admission,small_bucket,2,D E,10 | 5,D=10 AND E=5,4,2004,8 21 31 65,87081 111105 164445 334472,none,false,false
H0160,choice_hypothesis_candidate_not_admission,small_bucket,2,D E,14 | 10,D=14 AND E=10,4,2004,5 18 44 50,77745 102165 222417 223737,none,false,false
H0161,choice_hypothesis_candidate_not_admission,small_bucket,2,D E,3 | 4,D=3 AND E=4,4,2004,28 34 54 62,164113 186421 258625 334129,none,false,false
H0162,choice_hypothesis_candidate_not_admission,small_bucket,2,D E,4 | 3,D=4 AND E=3,4,2004,29 35 55 63,164124 186432 258636 334140,none,false,false
H0163,choice_hypothesis_candidate_not_admission,small_bucket,2,D E,7 | 10,D=7 AND E=10,4,2004,7 20 30 64,87062 111086 164415 334443,none,false,false
H0164,choice_hypothesis_candidate_not_admission,medium_bucket,2,A B,10 | 11,A=10 AND B=11,6,2006,54 55 56 57 58 59,258625 258636 258796 258837 258839 258841,none,false,false
H0165,choice_hypothesis_candidate_not_admission,medium_bucket,2,A B,3 | 4,A=3 AND B=4,6,2006,1 2 3 4 5 6,77698 77701 77704 77743 77745 77748,none,false,false
H0166,choice_hypothesis_candidate_not_admission,medium_bucket,2,A B,4 | 3,A=4 AND B=3,6,2006,14 15 16 17 18 19,102151 102156 102157 102161 102165 102168,none,false,false
H0167,choice_hypothesis_candidate_not_admission,medium_bucket,2,A B,6 | 12,A=6 AND B=12,6,2006,28 29 30 31 32 33,164113 164124 164415 164445 164446 164450,none,false,false
H0168,choice_hypothesis_candidate_not_admission,medium_bucket,2,A B,7 | 11,A=7 AND B=11,6,2006,34 35 36 37 38 39,186421 186432 186724 186765 186766 186769,none,false,false
H0169,choice_hypothesis_candidate_not_admission,medium_bucket,2,A B,9 | 3,A=9 AND B=3,6,2006,40 41 42 43 44 45,222404 222408 222409 222414 222417 222420,none,false,false
H0170,choice_hypothesis_candidate_not_admission,medium_bucket,2,A B,9 | 4,A=9 AND B=4,6,2006,46 47 48 49 50 51,223691 223693 223696 223736 223737 223740,none,false,false
H0171,choice_hypothesis_candidate_not_admission,medium_bucket,2,A C,3 | 5,A=3 AND C=5,6,2006,1 2 3 4 5 6,77698 77701 77704 77743 77745 77748,none,false,false
H0172,choice_hypothesis_candidate_not_admission,medium_bucket,2,A C,4 | 8,A=4 AND C=8,6,2006,14 15 16 17 18 19,102151 102156 102157 102161 102165 102168,none,false,false
H0173,choice_hypothesis_candidate_not_admission,medium_bucket,2,A C,9 | 5,A=9 AND C=5,6,2006,46 47 48 49 50 51,223691 223693 223696 223736 223737 223740,none,false,false
H0174,choice_hypothesis_candidate_not_admission,medium_bucket,2,A C,9 | 8,A=9 AND C=8,6,2006,40 41 42 43 44 45,222404 222408 222409 222414 222417 222420,none,false,false
H0175,choice_hypothesis_candidate_not_admission,medium_bucket,2,A D,3 | 10,A=3 AND D=10,6,2006,1 2 3 8 9 10,77698 77701 77704 87081 87083 87087,none,false,false
H0176,choice_hypothesis_candidate_not_admission,medium_bucket,2,A D,9 | 14,A=9 AND D=14,6,2006,43 44 45 49 50 51,222414 222417 222420 223736 223737 223740,none,false,false
H0177,choice_hypothesis_candidate_not_admission,medium_bucket,2,B D,12 | 10,B=12 AND D=10,6,2006,31 32 33 65 66 67,164445 164446 164450 334472 334474 334477,none,false,false
H0178,choice_hypothesis_candidate_not_admission,medium_bucket,2,B D,3 | 14,B=3 AND D=14,6,2006,17 18 19 43 44 45,102161 102165 102168 222414 222417 222420,none,false,false
H0179,choice_hypothesis_candidate_not_admission,medium_bucket,2,B D,4 | 10,B=4 AND D=10,6,2006,1 2 3 46 47 48,77698 77701 77704 223691 223693 223696,none,false,false
H0180,choice_hypothesis_candidate_not_admission,medium_bucket,2,B D,4 | 14,B=4 AND D=14,6,2006,4 5 6 49 50 51,77743 77745 77748 223736 223737 223740,none,false,false
H0181,choice_hypothesis_candidate_not_admission,medium_bucket,2,B D,9 | 10,B=9 AND D=10,6,2006,8 9 10 21 22 23,87081 87083 87087 111105 111107 111111,none,false,false
H0182,choice_hypothesis_candidate_not_admission,medium_bucket,2,C D,5 | 10,C=5 AND D=10,6,2006,1 2 3 46 47 48,77698 77701 77704 223691 223693 223696,none,false,false
H0183,choice_hypothesis_candidate_not_admission,medium_bucket,2,C D,5 | 14,C=5 AND D=14,6,2006,4 5 6 49 50 51,77743 77745 77748 223736 223737 223740,none,false,false
H0184,choice_hypothesis_candidate_not_admission,medium_bucket,2,C D,8 | 14,C=8 AND D=14,6,2006,17 18 19 43 44 45,102161 102165 102168 222414 222417 222420,none,false,false
H0185,choice_hypothesis_candidate_not_admission,medium_bucket,2,D E,10 | 14,D=10 AND E=14,6,2006,3 10 23 33 48 67,77704 87087 111111 164450 223696 334477,none,false,false
H0186,choice_hypothesis_candidate_not_admission,medium_bucket,2,D E,10 | 7,D=10 AND E=7,6,2006,1 9 22 32 46 66,77698 87083 111107 164446 223691 334474,none,false,false
H0187,choice_hypothesis_candidate_not_admission,medium_bucket,2,A B,3 | 9,A=3 AND B=9,7,2007,7 8 9 10 11 12 13,87062 87081 87083 87087 87236 87238 87241,none,false,false
H0188,choice_hypothesis_candidate_not_admission,medium_bucket,2,B C,9 | 12,B=9 AND C=12,7,2007,11 12 13 24 25 26 27,87236 87238 87241 111209 111260 111262 111265,none,false,false
H0189,choice_hypothesis_candidate_not_admission,medium_bucket,2,A B,4 | 9,A=4 AND B=9,8,2008,20 21 22 23 24 25 26 27,111086 111105 111107 111111 111209 111260 111262 111265,none,false,false
H0190,choice_hypothesis_candidate_not_admission,medium_bucket,2,B C,11 | 12,B=11 AND C=12,8,2008,36 37 38 39 56 57 58 59,186724 186765 186766 186769 258796 258837 258839 258841,none,false,false
H0191,choice_hypothesis_candidate_not_admission,medium_bucket,2,B C,12 | 11,B=12 AND C=11,8,2008,30 31 32 33 64 65 66 67,164415 164445 164446 164450 334443 334472 334474 334477,none,false,false
H0192,choice_hypothesis_candidate_not_admission,medium_bucket,2,B C,9 | 11,B=9 AND C=11,8,2008,7 8 9 10 20 21 22 23,87062 87081 87083 87087 111086 111105 111107 111111,none,false,false
H0193,choice_hypothesis_candidate_not_admission,medium_bucket,2,B C,3 | 8,B=3 AND C=8,12,2012,14 15 16 17 18 19 40 41 42 43 44 45,102151 102156 102157 102161 102165 102168 222404 222408 222409 222414 222417 222420,none,false,false
H0194,choice_hypothesis_candidate_not_admission,medium_bucket,2,B C,4 | 5,B=4 AND C=5,12,2012,1 2 3 4 5 6 46 47 48 49 50 51,77698 77701 77704 77743 77745 77748 223691 223693 223696 223736 223737 223740,none,false,false
H0195,choice_hypothesis_candidate_not_admission,medium_bucket,2,C D,11 | 10,C=11 AND D=10,12,2012,8 9 10 21 22 23 31 32 33 65 66 67,87081 87083 87087 111105 111107 111111 164445 164446 164450 334472 334474 334477,none,false,false
H0196,choice_hypothesis_too_sharp_not_admission,singleton_too_sharp,2,A D,10 | 4,A=10 AND D=4,1,2101,55,258636,none,false,false
H0197,choice_hypothesis_too_sharp_not_admission,singleton_too_sharp,2,A D,10 | 6,A=10 AND D=6,1,2101,56,258796,none,false,false
H0198,choice_hypothesis_too_sharp_not_admission,singleton_too_sharp,2,A D,10 | 9,A=10 AND D=9,1,2101,53,249429,none,false,false
H0199,choice_hypothesis_too_sharp_not_admission,singleton_too_sharp,2,A D,14 | 3,A=14 AND D=3,1,2101,68,345484,none,false,false
H0200,choice_hypothesis_too_sharp_not_admission,singleton_too_sharp,2,A D,14 | 4,A=14 AND D=4,1,2101,70,350500,none,false,false
H0201,choice_hypothesis_too_sharp_not_admission,singleton_too_sharp,2,A D,3 | 7,A=3 AND D=7,1,2101,7,87062,none,false,false
H0202,choice_hypothesis_too_sharp_not_admission,singleton_too_sharp,2,A D,4 | 6,A=4 AND D=6,1,2101,24,111209,none,false,false
H0203,choice_hypothesis_too_sharp_not_admission,singleton_too_sharp,2,A D,4 | 7,A=4 AND D=7,1,2101,20,111086,none,false,false
H0204,choice_hypothesis_too_sharp_not_admission,singleton_too_sharp,2,A D,6 | 3,A=6 AND D=3,1,2101,28,164113,none,false,false
H0205,choice_hypothesis_too_sharp_not_admission,singleton_too_sharp,2,A D,6 | 4,A=6 AND D=4,1,2101,29,164124,none,false,false
H0206,choice_hypothesis_too_sharp_not_admission,singleton_too_sharp,2,A D,6 | 7,A=6 AND D=7,1,2101,30,164415,none,false,false
H0207,choice_hypothesis_too_sharp_not_admission,singleton_too_sharp,2,A D,7 | 3,A=7 AND D=3,1,2101,34,186421,none,false,false
H0208,choice_hypothesis_too_sharp_not_admission,singleton_too_sharp,2,A D,7 | 4,A=7 AND D=4,1,2101,35,186432,none,false,false
H0209,choice_hypothesis_too_sharp_not_admission,singleton_too_sharp,2,A D,7 | 6,A=7 AND D=6,1,2101,36,186724,none,false,false
H0210,choice_hypothesis_too_sharp_not_admission,singleton_too_sharp,2,A E,10 | 14,A=10 AND E=14,1,2101,59,258841,none,false,false
H0211,choice_hypothesis_too_sharp_not_admission,singleton_too_sharp,2,A E,10 | 4,A=10 AND E=4,1,2101,54,258625,none,false,false
H0212,choice_hypothesis_too_sharp_not_admission,singleton_too_sharp,2,A E,10 | 6,A=10 AND E=6,1,2101,57,258837,none,false,false
H0213,choice_hypothesis_too_sharp_not_admission,singleton_too_sharp,2,A E,10 | 8,A=10 AND E=8,1,2101,58,258839,none,false,false
H0214,choice_hypothesis_too_sharp_not_admission,singleton_too_sharp,2,A E,10 | 9,A=10 AND E=9,1,2101,52,249388,none,false,false
H0215,choice_hypothesis_too_sharp_not_admission,singleton_too_sharp,2,A E,14 | 3,A=14 AND E=3,1,2101,69,345525,none,false,false
H0216,choice_hypothesis_too_sharp_not_admission,singleton_too_sharp,2,A E,14 | 4,A=14 AND E=4,1,2101,71,350541,none,false,false
H0217,choice_hypothesis_too_sharp_not_admission,singleton_too_sharp,2,A E,3 | 11,A=3 AND E=11,1,2101,2,77701,none,false,false
H0218,choice_hypothesis_too_sharp_not_admission,singleton_too_sharp,2,A E,3 | 5,A=3 AND E=5,1,2101,8,87081,none,false,false
H0219,choice_hypothesis_too_sharp_not_admission,singleton_too_sharp,2,A E,3 | 6,A=3 AND E=6,1,2101,11,87236,none,false,false
H0220,choice_hypothesis_too_sharp_not_admission,singleton_too_sharp,2,A E,4 | 12,A=4 AND E=12,1,2101,15,102156,none,false,false
H0221,choice_hypothesis_too_sharp_not_admission,singleton_too_sharp,2,A E,4 | 7,A=4 AND E=7,1,2101,22,111107,none,false,false
H0222,choice_hypothesis_too_sharp_not_admission,singleton_too_sharp,2,A E,4 | 8,A=4 AND E=8,1,2101,26,111262,none,false,false
H0223,choice_hypothesis_too_sharp_not_admission,singleton_too_sharp,2,A E,6 | 10,A=6 AND E=10,1,2101,30,164415,none,false,false
H0224,choice_hypothesis_too_sharp_not_admission,singleton_too_sharp,2,A E,6 | 14,A=6 AND E=14,1,2101,33,164450,none,false,false
H0225,choice_hypothesis_too_sharp_not_admission,singleton_too_sharp,2,A E,6 | 3,A=6 AND E=3,1,2101,29,164124,none,false,false
H0226,choice_hypothesis_too_sharp_not_admission,singleton_too_sharp,2,A E,6 | 4,A=6 AND E=4,1,2101,28,164113,none,false,false
H0227,choice_hypothesis_too_sharp_not_admission,singleton_too_sharp,2,A E,6 | 5,A=6 AND E=5,1,2101,31,164445,none,false,false
H0228,choice_hypothesis_too_sharp_not_admission,singleton_too_sharp,2,A E,6 | 7,A=6 AND E=7,1,2101,32,164446,none,false,false
H0229,choice_hypothesis_too_sharp_not_admission,singleton_too_sharp,2,A E,7 | 14,A=7 AND E=14,1,2101,39,186769,none,false,false
H0230,choice_hypothesis_too_sharp_not_admission,singleton_too_sharp,2,A E,7 | 3,A=7 AND E=3,1,2101,35,186432,none,false,false
H0231,choice_hypothesis_too_sharp_not_admission,singleton_too_sharp,2,A E,7 | 4,A=7 AND E=4,1,2101,34,186421,none,false,false
H0232,choice_hypothesis_too_sharp_not_admission,singleton_too_sharp,2,A E,7 | 6,A=7 AND E=6,1,2101,37,186765,none,false,false
H0233,choice_hypothesis_too_sharp_not_admission,singleton_too_sharp,2,A E,7 | 8,A=7 AND E=8,1,2101,38,186766,none,false,false
H0234,choice_hypothesis_too_sharp_not_admission,singleton_too_sharp,2,A E,9 | 11,A=9 AND E=11,1,2101,47,223693,none,false,false
H0235,choice_hypothesis_too_sharp_not_admission,singleton_too_sharp,2,A E,9 | 12,A=9 AND E=12,1,2101,41,222408,none,false,false
H0236,choice_hypothesis_too_sharp_not_admission,singleton_too_sharp,2,A E,9 | 5,A=9 AND E=5,1,2101,43,222414,none,false,false
H0237,choice_hypothesis_too_sharp_not_admission,singleton_too_sharp,2,A E,9 | 6,A=9 AND E=6,1,2101,40,222404,none,false,false
H0238,choice_hypothesis_too_sharp_not_admission,singleton_too_sharp,2,A E,9 | 7,A=9 AND E=7,1,2101,46,223691,none,false,false
H0239,choice_hypothesis_too_sharp_not_admission,singleton_too_sharp,2,A E,9 | 8,A=9 AND E=8,1,2101,49,223736,none,false,false
H0240,choice_hypothesis_too_sharp_not_admission,singleton_too_sharp,2,B D,9 | 6,B=9 AND D=6,1,2101,24,111209,none,false,false
H0241,choice_hypothesis_candidate_not_admission,small_bucket,3,A B C,10 | 11 | 9,A=10 AND B=11 AND C=9,2,3002,54 55,258625 258636,none,false,false
H0242,choice_hypothesis_candidate_not_admission,small_bucket,3,A B C,10 | 5 | 4,A=10 AND B=5 AND C=4,2,3002,52 53,249388 249429,none,false,false
H0243,choice_hypothesis_candidate_not_admission,small_bucket,3,A B C,14 | 5 | 4,A=14 AND B=5 AND C=4,2,3002,68 69,345484 345525,none,false,false
H0244,choice_hypothesis_candidate_not_admission,small_bucket,3,A B C,14 | 8 | 3,A=14 AND B=8 AND C=3,2,3002,70 71,350500 350541,none,false,false
H0245,choice_hypothesis_candidate_not_admission,small_bucket,3,A B C,6 | 12 | 9,A=6 AND B=12 AND C=9,2,3002,28 29,164113 164124,none,false,false
H0246,choice_hypothesis_candidate_not_admission,small_bucket,3,A B C,7 | 11 | 9,A=7 AND B=11 AND C=9,2,3002,34 35,186421 186432,none,false,false
H0247,choice_hypothesis_candidate_not_admission,small_bucket,3,A B E,3 | 9 | 14,A=3 AND B=9 AND E=14,2,3002,10 13,87087 87241,none,false,false
H0248,choice_hypothesis_candidate_not_admission,small_bucket,3,A B E,4 | 9 | 14,A=4 AND B=9 AND E=14,2,3002,23 27,111111 111265,none,false,false
H0249,choice_hypothesis_candidate_not_admission,small_bucket,3,A D E,3 | 10 | 14,A=3 AND D=10 AND E=14,2,3002,3 10,77704 87087,none,false,false
H0250,choice_hypothesis_candidate_not_admission,small_bucket,3,A D E,3 | 10 | 7,A=3 AND D=10 AND E=7,2,3002,1 9,77698 87083,none,false,false
