i,source_file,json_path,artifact,artifact_family,key,pair_key,source_endpoints,source_pair,context_context_ladder,context_is_target_foundation_packet,source_root_slot,source_limit_transition,source_side_gap_signature,nonfoundation_packet_keys,broken_ladder,phase_ladder_values,inside_moving_endpoint,outside_moving_endpoint,anchor,root
0,g900_six_nine_endpoint_chord_scope_audit_031.v1.json,$.target_rows_first_50[0],g900-six-nine-ladder-3-6-9-12-source-derivation-audit-001.v1.json,,source_endpoints,,,,,,,,,,,,,,,
1,g900_six_nine_endpoint_chord_scope_audit_031.v1.json,$.target_rows_first_50[1],g900-six-nine-ladder-3-6-9-12-source-derivation-audit-001.v1.json,,source_pair,,,,,,,,,,,,,,,
2,g900_six_nine_endpoint_chord_scope_audit_031.v1.json,$.target_rows_first_50[2],g900-six-nine-ladder-3-6-9-12-source-derivation-audit-001.v1.json,,source_endpoints,,,,,,,,,,,,,,,
3,g900_six_nine_endpoint_chord_scope_audit_031.v1.json,$.target_rows_first_50[3],g900-six-nine-ladder-3-6-9-12-source-derivation-audit-001.v1.json,,source_pair,,,,,,,,,,,,,,,
4,g900_six_nine_endpoint_chord_scope_audit_031.v1.json,$.target_rows_first_50[4],g900_all_phase_ladder_spectrum_audit_001.v1.json,,source_pair,,,,,,,,,,,,,,,
5,g900_six_nine_endpoint_chord_scope_audit_031.v1.json,$.target_rows_first_50[5],g900_all_phase_ladder_spectrum_audit_001.v1.json,,source_endpoints,,,,,,,,,,,,,,,
6,g900_six_nine_endpoint_chord_scope_audit_031.v1.json,$.target_rows_first_50[6],g900_all_phase_ladder_spectrum_audit_001.v1.json,,source_pair,,,,,,,,,,,,,,,
7,g900_six_nine_endpoint_chord_scope_audit_031.v1.json,$.target_rows_first_50[7],g900_all_phase_ladder_spectrum_audit_001.v1.json,,source_endpoints,,,,,,,,,,,,,,,
8,g900_six_nine_endpoint_chord_scope_audit_031.v1.json,$.target_rows_first_50[8],g900_all_phase_ladder_spectrum_audit_001.v1.json,,source_pair,,,,,,,,,,,,,,,
9,g900_six_nine_endpoint_chord_scope_audit_031.v1.json,$.target_rows_first_50[9],g900_all_phase_ladder_spectrum_audit_001.v1.json,,source_endpoints,,,,,,,,,,,,,,,
10,g900_six_nine_endpoint_chord_scope_audit_031.v1.json,$.target_rows_first_50[10],g900_all_phase_ladder_spectrum_audit_001.v1.json,,source_pair,,,,,,,,,,,,,,,
11,g900_six_nine_endpoint_chord_scope_audit_031.v1.json,$.target_rows_first_50[11],g900_all_phase_ladder_spectrum_audit_001.v1.json,,source_endpoints,,,,,,,,,,,,,,,
12,g900_six_nine_endpoint_chord_scope_audit_031.v1.json,$.target_rows_first_50[12],g900_all_phase_ladder_spectrum_audit_001.v1.json,,source_pair,,,,,,,,,,,,,,,
13,g900_six_nine_endpoint_chord_scope_audit_031.v1.json,$.target_rows_first_50[13],g900_all_phase_ladder_spectrum_audit_001.v1.json,,source_endpoints,,,,,,,,,,,,,,,
14,g900_six_nine_endpoint_chord_scope_audit_031.v1.json,$.target_rows_first_50[14],g900_distinct_ladder_nonanswer_comparison_001.v1.json,,source_pair,,,,,,,,,,,,,,,
15,g900_six_nine_endpoint_chord_scope_audit_031.v1.json,$.target_rows_first_50[15],g900_distinct_ladder_nonanswer_comparison_001.v1.json,,source_endpoints,,,,,,,,,,,,,,,
16,g900_six_nine_endpoint_chord_scope_audit_031.v1.json,$.target_rows_first_50[16],g900_distinct_ladder_nonanswer_comparison_001.v1.json,,source_pair,,,,,,,,,,,,,,,
17,g900_six_nine_endpoint_chord_scope_audit_031.v1.json,$.target_rows_first_50[17],g900_distinct_ladder_nonanswer_comparison_001.v1.json,,source_endpoints,,,,,,,,,,,,,,,
18,g900_six_nine_endpoint_chord_scope_audit_031.v1.json,$.target_rows_first_50[18],g900_ladder_nearest_anchor_condition_audit_001.v1.json,,source_pair,,,,,,,,,,,,,,,
19,g900_six_nine_endpoint_chord_scope_audit_031.v1.json,$.target_rows_first_50[19],g900_ladder_nearest_anchor_condition_audit_001.v1.json,,source_endpoints,,,,,,,,,,,,,,,
20,g900_six_nine_endpoint_chord_scope_audit_031.v1.json,$.target_rows_first_50[20],g900_ladder_nearest_anchor_condition_audit_001.v1.json,,source_pair,,,,,,,,,,,,,,,
21,g900_six_nine_endpoint_chord_scope_audit_031.v1.json,$.target_rows_first_50[21],g900_ladder_nearest_anchor_condition_audit_001.v1.json,,source_endpoints,,,,,,,,,,,,,,,
22,g900_six_nine_endpoint_chord_scope_audit_031.v1.json,$.target_rows_first_50[22],g900_ladder_nearest_anchor_condition_audit_001.v1.json,,source_pair,,,,,,,,,,,,,,,
23,g900_six_nine_endpoint_chord_scope_audit_031.v1.json,$.target_rows_first_50[23],g900_ladder_nearest_anchor_condition_audit_001.v1.json,,source_endpoints,,,,,,,,,,,,,,,
24,g900_six_nine_endpoint_chord_scope_audit_031.v1.json,$.target_rows_first_50[24],g900_ladder_nearest_anchor_condition_audit_001.v1.json,,source_pair,,,,,,,,,,,,,,,
25,g900_six_nine_endpoint_chord_scope_audit_031.v1.json,$.target_rows_first_50[25],g900_ladder_nearest_anchor_condition_audit_001.v1.json,,source_endpoints,,,,,,,,,,,,,,,
26,g900_six_nine_endpoint_chord_scope_audit_031.v1.json,$.target_rows_first_50[26],g900_nearest_anchor_rule_all_source_gap_forks_audit_001.v1.json,,source_pair,,,,,,,,,,,,,,,
27,g900_six_nine_endpoint_chord_scope_audit_031.v1.json,$.target_rows_first_50[27],g900_nearest_anchor_rule_all_source_gap_forks_audit_001.v1.json,,source_endpoints,,,,,,,,,,,,,,,
28,g900_six_nine_endpoint_chord_scope_audit_031.v1.json,$.target_rows_first_50[28],g900_nearest_anchor_rule_all_source_gap_forks_audit_001.v1.json,,source_pair,,,,,,,,,,,,,,,
29,g900_six_nine_endpoint_chord_scope_audit_031.v1.json,$.target_rows_first_50[29],g900_nearest_anchor_rule_all_source_gap_forks_audit_001.v1.json,,source_endpoints,,,,,,,,,,,,,,,
30,g900_six_nine_endpoint_chord_scope_audit_031.v1.json,$.target_rows_first_50[30],g900_nearest_anchor_rule_all_source_gap_forks_audit_001.v1.json,,source_pair,,,,,,,,,,,,,,,
31,g900_six_nine_endpoint_chord_scope_audit_031.v1.json,$.target_rows_first_50[31],g900_nearest_anchor_rule_all_source_gap_forks_audit_001.v1.json,,source_endpoints,,,,,,,,,,,,,,,
32,g900_six_nine_endpoint_chord_scope_audit_031.v1.json,$.target_rows_first_50[32],g900_nearest_anchor_rule_all_source_gap_forks_audit_001.v1.json,,source_pair,,,,,,,,,,,,,,,
33,g900_six_nine_endpoint_chord_scope_audit_031.v1.json,$.target_rows_first_50[33],g900_nearest_anchor_rule_all_source_gap_forks_audit_001.v1.json,,source_endpoints,,,,,,,,,,,,,,,
34,g900_six_nine_endpoint_chord_scope_audit_031.v1.json,$.target_rows_first_50[34],g900_nearest_anchor_rule_all_source_gap_forks_audit_001.v1.json,,source_pair,,,,,,,,,,,,,,,
35,g900_six_nine_endpoint_chord_scope_audit_031.v1.json,$.target_rows_first_50[35],g900_nearest_anchor_rule_all_source_gap_forks_audit_001.v1.json,,source_endpoints,,,,,,,,,,,,,,,
36,g900_six_nine_endpoint_chord_scope_audit_031.v1.json,$.target_rows_first_50[36],g900_nearest_anchor_rule_all_source_gap_forks_audit_001.v1.json,,source_pair,,,,,,,,,,,,,,,
37,g900_six_nine_endpoint_chord_scope_audit_031.v1.json,$.target_rows_first_50[37],g900_nearest_anchor_rule_all_source_gap_forks_audit_001.v1.json,,source_endpoints,,,,,,,,,,,,,,,
38,g900_six_nine_endpoint_chord_scope_audit_031.v1.json,$.target_rows_first_50[38],g900_nearest_anchor_rule_all_source_gap_forks_audit_001.v1.json,,source_pair,,,,,,,,,,,,,,,
39,g900_six_nine_endpoint_chord_scope_audit_031.v1.json,$.target_rows_first_50[39],g900_nearest_anchor_rule_all_source_gap_forks_audit_001.v1.json,,source_endpoints,,,,,,,,,,,,,,,
40,g900_six_nine_endpoint_chord_scope_audit_031.v1.json,$.target_rows_first_50[40],g900_nearest_anchor_rule_all_source_gap_forks_audit_001.v1.json,,source_pair,,,,,,,,,,,,,,,
41,g900_six_nine_endpoint_chord_scope_audit_031.v1.json,$.target_rows_first_50[41],g900_nearest_anchor_rule_all_source_gap_forks_audit_001.v1.json,,source_endpoints,,,,,,,,,,,,,,,
42,g900_six_nine_endpoint_chord_scope_audit_031.v1.json,$.target_rows_first_50[42],g900_nearest_anchor_rule_all_source_gap_forks_audit_001.v1.json,,source_pair,,,,,,,,,,,,,,,
43,g900_six_nine_endpoint_chord_scope_audit_031.v1.json,$.target_rows_first_50[43],g900_nearest_anchor_rule_all_source_gap_forks_audit_001.v1.json,,source_endpoints,,,,,,,,,,,,,,,
44,g900_six_nine_endpoint_chord_scope_audit_031.v1.json,$.target_rows_first_50[44],g900_nearest_anchor_rule_all_source_gap_forks_audit_001.v1.json,,source_pair,,,,,,,,,,,,,,,
45,g900_six_nine_endpoint_chord_scope_audit_031.v1.json,$.target_rows_first_50[45],g900_nearest_anchor_rule_all_source_gap_forks_audit_001.v1.json,,source_endpoints,,,,,,,,,,,,,,,
46,g900_six_nine_endpoint_chord_scope_audit_031.v1.json,$.target_rows_first_50[46],g900_nearest_anchor_rule_all_source_gap_forks_audit_001.v1.json,,source_pair,,,,,,,,,,,,,,,
47,g900_six_nine_endpoint_chord_scope_audit_031.v1.json,$.target_rows_first_50[47],g900_nearest_anchor_rule_all_source_gap_forks_audit_001.v1.json,,source_endpoints,,,,,,,,,,,,,,,
48,g900_six_nine_endpoint_chord_scope_audit_031.v1.json,$.target_rows_first_50[48],g900_nearest_anchor_rule_all_source_gap_forks_audit_001.v1.json,,source_pair,,,,,,,,,,,,,,,
49,g900_six_nine_endpoint_chord_scope_audit_031.v1.json,$.target_rows_first_50[49],g900_nearest_anchor_rule_all_source_gap_forks_audit_001.v1.json,,source_endpoints,,,,,,,,,,,,,,,
50,g900_six_nine_source_construction_contrast_filter_034.v1.json,$.true_source_targets_first_30[0],g900-six-nine-ladder-3-6-9-12-source-derivation-audit-001.v1.json,six_nine,source_endpoints,06_09,"[6, 9]",06_09,,,,23->24,"[9,11]",,"[3, 9, 6, 12]","[3, 6, 9, 12]",9,,,
51,g900_six_nine_source_construction_contrast_filter_034.v1.json,$.true_source_targets_first_30[1],g900-six-nine-ladder-3-6-9-12-source-derivation-audit-001.v1.json,six_nine,source_pair,06_09,"[6, 9]",06_09,,,,23->24,"[9,11]",,"[3, 9, 6, 12]","[3, 6, 9, 12]",9,,,
52,g900_six_nine_source_construction_contrast_filter_034.v1.json,$.true_source_targets_first_30[2],g900-six-nine-ladder-3-6-9-12-source-derivation-audit-001.v1.json,six_nine,source_endpoints,06_09,"[6, 9]",06_09,,,,23->24,"[9,11]",,"[3, 9, 6, 12]","[3, 9, 6, 12]",6,,,
53,g900_six_nine_source_construction_contrast_filter_034.v1.json,$.true_source_targets_first_30[3],g900-six-nine-ladder-3-6-9-12-source-derivation-audit-001.v1.json,six_nine,source_pair,06_09,"[6, 9]",06_09,,,,23->24,"[9,11]",,"[3, 9, 6, 12]","[3, 9, 6, 12]",6,,,
54,g900_six_nine_source_construction_contrast_filter_034.v1.json,$.true_source_targets_first_30[4],g900_all_phase_ladder_spectrum_audit_001.v1.json,ladder,source_pair,06_09,"[6, 9]",06_09,,,,23->24,,,,"[3, 6, 9, 12]",6,,,
55,g900_six_nine_source_construction_contrast_filter_034.v1.json,$.true_source_targets_first_30[5],g900_all_phase_ladder_spectrum_audit_001.v1.json,ladder,source_endpoints,06_09,"[6, 9]",06_09,,,,23->24,,,,"[3, 6, 9, 12]",6,,,
56,g900_six_nine_source_construction_contrast_filter_034.v1.json,$.true_source_targets_first_30[6],g900_all_phase_ladder_spectrum_audit_001.v1.json,ladder,source_pair,06_09,"[6, 9]",06_09,,,,23->24,,,,"[3, 6, 9, 12]",6,,,
57,g900_six_nine_source_construction_contrast_filter_034.v1.json,$.true_source_targets_first_30[7],g900_all_phase_ladder_spectrum_audit_001.v1.json,ladder,source_endpoints,06_09,"[6, 9]",06_09,,,,23->24,,,,"[3, 6, 9, 12]",6,,,
58,g900_six_nine_source_construction_contrast_filter_034.v1.json,$.true_source_targets_first_30[8],g900_all_phase_ladder_spectrum_audit_001.v1.json,ladder,source_pair,06_09,"[6, 9]",06_09,,,,23->24,,,,"[3, 9, 6, 12]",9,,,
59,g900_six_nine_source_construction_contrast_filter_034.v1.json,$.true_source_targets_first_30[9],g900_all_phase_ladder_spectrum_audit_001.v1.json,ladder,source_endpoints,06_09,"[6, 9]",06_09,,,,23->24,,,,"[3, 9, 6, 12]",9,,,
60,g900_six_nine_source_construction_contrast_filter_034.v1.json,$.true_source_targets_first_30[10],g900_distinct_ladder_nonanswer_comparison_001.v1.json,ladder,source_pair,06_09,"[6, 9]",06_09,,,,23->24,,,,"[3, 6, 9, 12]",6,,,
61,g900_six_nine_source_construction_contrast_filter_034.v1.json,$.true_source_targets_first_30[11],g900_distinct_ladder_nonanswer_comparison_001.v1.json,ladder,source_endpoints,06_09,"[6, 9]",06_09,,,,23->24,,,,"[3, 6, 9, 12]",6,,,
62,g900_six_nine_source_construction_contrast_filter_034.v1.json,$.true_source_targets_first_30[12],g900_distinct_ladder_nonanswer_comparison_001.v1.json,ladder,source_pair,06_09,"[6, 9]",06_09,,,,23->24,,,,"[3, 9, 6, 12]",9,,,
63,g900_six_nine_source_construction_contrast_filter_034.v1.json,$.true_source_targets_first_30[13],g900_distinct_ladder_nonanswer_comparison_001.v1.json,ladder,source_endpoints,06_09,"[6, 9]",06_09,,,,23->24,,,,"[3, 9, 6, 12]",9,,,
64,g900_six_nine_source_construction_contrast_filter_034.v1.json,$.true_source_targets_first_30[14],g900_phase3_fork_ladder_family_audit_001.v1.json,ladder,source_pair,06_09,"[6, 9]",06_09,,,,23->24,,,,"[3, 6, 9, 12]",6,,,
65,g900_six_nine_source_construction_contrast_filter_034.v1.json,$.true_source_targets_first_30[15],g900_phase3_fork_ladder_family_audit_001.v1.json,ladder,source_endpoints,06_09,"[6, 9]",06_09,,,,23->24,,,,"[3, 6, 9, 12]",6,,,
66,g900_six_nine_source_construction_contrast_filter_034.v1.json,$.true_source_targets_first_30[16],g900_phase3_other_ladder_comparison_001.v1.json,ladder,source_pair,06_09,"[6, 9]",06_09,,,,23->24,,,,"[3, 6, 9, 12]",6,,,
67,g900_six_nine_source_construction_contrast_filter_034.v1.json,$.true_source_targets_first_30[17],g900_phase3_other_ladder_comparison_001.v1.json,ladder,source_endpoints,06_09,"[6, 9]",06_09,,,,23->24,,,,"[3, 6, 9, 12]",6,,,
68,g900_six_nine_source_construction_contrast_filter_034.v1.json,$.true_source_targets_first_30[19],g900_six_nine_foundation_packet_broader_origin_selector_009.v1.json,six_nine,source_endpoints,06_09,"[6, 9]",,,,,,,,"[3, 9, 6, 12]",,9,,,
69,g900_six_nine_source_construction_contrast_filter_034.v1.json,$.true_source_targets_first_30[21],g900_six_nine_foundation_packet_broader_origin_selector_009.v1.json,six_nine,source_endpoints,06_09,"[6, 9]",,,,,,,,"[3, 9, 6, 12]",,6,,,
70,g900_six_nine_source_construction_contrast_filter_034.v1.json,$.true_source_targets_first_30[23],g900_six_nine_foundation_packet_broader_origin_selector_009.v1.json,six_nine,source_endpoints,06_09,"[6, 9]",,,,,,,,"[3, 6, 9, 12]",,6,,,
71,g900_six_nine_source_construction_contrast_filter_034.v1.json,$.true_source_targets_first_30[25],g900_six_nine_foundation_packet_broader_origin_selector_009.v1.json,six_nine,source_endpoints,06_09,"[6, 9]",,,,,,,,,,,,,
72,g900_six_nine_source_construction_contrast_filter_034.v1.json,$.true_source_targets_first_30[26],g900_six_nine_foundation_packet_broader_origin_selector_009.v1.json,six_nine,source_pair,06_09,,06_09,,,,23->24,,,"[3, 9, 6, 12]",,6,,,
73,g900_six_nine_source_construction_contrast_filter_034.v1.json,$.true_source_targets_first_30[27],g900_six_nine_foundation_packet_broader_origin_selector_009.v1.json,six_nine,source_pair,06_09,,06_09,,,,23->24,,,"[3, 9, 6, 12]",,9,,,
74,g900_six_nine_source_construction_contrast_filter_034.v1.json,$.true_source_targets_first_30[29],g900_six_nine_foundation_packet_broader_origin_selector_009.v1.json,six_nine,source_endpoints,06_09,"[6, 9]",,,,,,,,,,6,,,
75,g900_six_nine_source_geometry_address_handle_039.v1.json,$.address_rows_first_30[0],g900_six_nine_source_geometry_field_origin_inventory_005.v1.json,six_nine,source_endpoints,06_09,"[6, 9]",06_09,,,,23->24,"[9,11]",,"[3, 9, 6, 12]","[3, 6, 9, 12]",9,,,
76,g900_six_nine_source_geometry_address_handle_039.v1.json,$.address_rows_first_30[1],g900_six_nine_source_geometry_field_origin_inventory_005.v1.json,six_nine,source_pair,06_09,"[6, 9]",06_09,,,,23->24,"[9,11]",,"[3, 9, 6, 12]","[3, 6, 9, 12]",9,,,
77,g900_six_nine_source_geometry_address_handle_039.v1.json,$.address_rows_first_30[2],g900_six_nine_source_geometry_field_origin_inventory_005.v1.json,six_nine,source_endpoints,06_09,"[6, 9]",06_09,,,,23->24,"[9,11]",,"[3, 9, 6, 12]","[3, 6, 9, 12]",9,,,
78,g900_six_nine_source_geometry_address_handle_039.v1.json,$.address_rows_first_30[3],g900_six_nine_source_geometry_field_origin_inventory_005.v1.json,six_nine,source_pair,06_09,"[6, 9]",06_09,,,,23->24,"[9,11]",,"[3, 9, 6, 12]","[3, 6, 9, 12]",9,,,
79,g900_six_nine_source_geometry_address_handle_039.v1.json,$.address_rows_first_30[4],g900_six_nine_source_geometry_field_origin_inventory_005.v1.json,six_nine,source_endpoints,06_09,"[6, 9]",06_09,,,,23->24,"[9,11]",,"[3, 9, 6, 12]","[3, 9, 6, 12]",6,,,
80,g900_six_nine_source_geometry_address_handle_039.v1.json,$.address_rows_first_30[5],g900_six_nine_source_geometry_field_origin_inventory_005.v1.json,six_nine,source_pair,06_09,"[6, 9]",06_09,,,,23->24,"[9,11]",,"[3, 9, 6, 12]","[3, 9, 6, 12]",6,,,
81,g900_six_nine_source_geometry_address_handle_039.v1.json,$.address_rows_first_30[6],g900_six_nine_source_geometry_field_origin_inventory_005.v1.json,six_nine,source_endpoints,06_09,"[6, 9]",06_09,,,,23->24,"[9,11]",,"[3, 9, 6, 12]","[3, 9, 6, 12]",6,,,
82,g900_six_nine_source_geometry_address_handle_039.v1.json,$.address_rows_first_30[7],g900_six_nine_source_geometry_field_origin_inventory_005.v1.json,six_nine,source_pair,06_09,"[6, 9]",06_09,,,,23->24,"[9,11]",,"[3, 9, 6, 12]","[3, 9, 6, 12]",6,,,
83,g900_six_nine_source_geometry_address_handle_039.v1.json,$.address_rows_first_30[8],g900_six_nine_source_geometry_field_origin_inventory_005.v1.json,six_nine,source_endpoints,06_09,"[6, 9]",06_09,,,,23->24,"9,11",,,"[3, 6, 9, 12]",6,,,
84,g900_six_nine_source_geometry_address_handle_039.v1.json,$.address_rows_first_30[9],g900_six_nine_source_geometry_field_origin_inventory_005.v1.json,six_nine,source_pair,06_09,"[6, 9]",06_09,,,,23->24,"9,11",,,"[3, 6, 9, 12]",6,,,
85,g900_six_nine_source_geometry_address_handle_039.v1.json,$.address_rows_first_30[10],g900_six_nine_source_geometry_field_origin_inventory_005.v1.json,six_nine,source_endpoints,06_09,"[6, 9]",06_09,,,,23->24,"9,11",,,"[3, 6, 9, 12]",6,,,
86,g900_six_nine_source_geometry_address_handle_039.v1.json,$.address_rows_first_30[11],g900_six_nine_source_geometry_field_origin_inventory_005.v1.json,six_nine,source_pair,06_09,"[6, 9]",06_09,,,,23->24,"9,11",,,"[3, 6, 9, 12]",6,,,
87,g900_six_nine_source_geometry_address_handle_039.v1.json,$.address_rows_first_30[12],g900_six_nine_source_geometry_field_origin_inventory_005.v1.json,six_nine,source_endpoints,06_09,"[6, 9]",06_09,,,,23->24,"9,11",,,"[3, 6, 9, 12]",6,,,
88,g900_six_nine_source_geometry_address_handle_039.v1.json,$.address_rows_first_30[13],g900_six_nine_source_geometry_field_origin_inventory_005.v1.json,six_nine,source_pair,06_09,"[6, 9]",06_09,,,,23->24,"9,11",,,"[3, 6, 9, 12]",6,,,
89,g900_six_nine_source_geometry_address_handle_039.v1.json,$.address_rows_first_30[14],g900_six_nine_source_geometry_field_origin_inventory_005.v1.json,six_nine,source_endpoints,06_09,"[6, 9]",06_09,,,,23->24,"9,11",,,"[3, 9, 6, 12]",9,,,
90,g900_six_nine_source_geometry_address_handle_039.v1.json,$.address_rows_first_30[15],g900_six_nine_source_geometry_field_origin_inventory_005.v1.json,six_nine,source_pair,06_09,"[6, 9]",06_09,,,,23->24,"9,11",,,"[3, 9, 6, 12]",9,,,
91,g900_six_nine_source_geometry_address_handle_039.v1.json,$.address_rows_first_30[16],g900_six_nine_source_geometry_field_origin_inventory_005.v1.json,six_nine,source_endpoints,06_09,"[6, 9]",06_09,,,,23->24,"9,11",,,"[3, 9, 6, 12]",9,,,
92,g900_six_nine_source_geometry_address_handle_039.v1.json,$.address_rows_first_30[17],g900_six_nine_source_geometry_field_origin_inventory_005.v1.json,six_nine,source_pair,06_09,"[6, 9]",06_09,,,,23->24,"9,11",,,"[3, 9, 6, 12]",9,,,
93,g900_six_nine_source_geometry_address_handle_039.v1.json,$.address_rows_first_30[18],g900_six_nine_source_geometry_field_origin_inventory_005.v1.json,six_nine,source_endpoints,06_09,"[6, 9]",06_09,,,,23->24,"9,11",,,"[3, 9, 6, 12]",9,,,
94,g900_six_nine_source_geometry_address_handle_039.v1.json,$.address_rows_first_30[19],g900_six_nine_source_geometry_field_origin_inventory_005.v1.json,six_nine,source_pair,06_09,"[6, 9]",06_09,,,,23->24,"9,11",,,"[3, 9, 6, 12]",9,,,
95,g900_six_nine_source_geometry_address_handle_039.v1.json,$.address_rows_first_30[20],g900_six_nine_source_geometry_field_origin_inventory_005.v1.json,six_nine,source_endpoints,06_09,"[6, 9]",06_09,,,,23->24,"9,11",,,"[3, 6, 9, 12]",6,,,
96,g900_six_nine_source_geometry_address_handle_039.v1.json,$.address_rows_first_30[21],g900_six_nine_source_geometry_field_origin_inventory_005.v1.json,six_nine,source_pair,06_09,"[6, 9]",06_09,,,,23->24,"9,11",,,"[3, 6, 9, 12]",6,,,
97,g900_six_nine_source_geometry_address_handle_039.v1.json,$.address_rows_first_30[22],g900_six_nine_source_geometry_field_origin_inventory_005.v1.json,six_nine,source_endpoints,06_09,"[6, 9]",06_09,,,,23->24,"9,11",,,"[3, 6, 9, 12]",6,,,
98,g900_six_nine_source_geometry_address_handle_039.v1.json,$.address_rows_first_30[23],g900_six_nine_source_geometry_field_origin_inventory_005.v1.json,six_nine,source_pair,06_09,"[6, 9]",06_09,,,,23->24,"9,11",,,"[3, 6, 9, 12]",6,,,
99,g900_six_nine_source_geometry_address_handle_039.v1.json,$.address_rows_first_30[24],g900_six_nine_source_geometry_field_origin_inventory_005.v1.json,six_nine,source_endpoints,06_09,"[6, 9]",06_09,,,,23->24,"9,11",,,"[3, 6, 9, 12]",6,,,
100,g900_six_nine_source_geometry_address_handle_039.v1.json,$.address_rows_first_30[25],g900_six_nine_source_geometry_field_origin_inventory_005.v1.json,six_nine,source_pair,06_09,"[6, 9]",06_09,,,,23->24,"9,11",,,"[3, 6, 9, 12]",6,,,
101,g900_six_nine_source_geometry_address_handle_039.v1.json,$.address_rows_first_30[26],g900_six_nine_source_geometry_field_origin_inventory_005.v1.json,six_nine,source_endpoints,06_09,"[6, 9]",06_09,,,,23->24,"9,11",,,"[3, 9, 6, 12]",9,,,
102,g900_six_nine_source_geometry_address_handle_039.v1.json,$.address_rows_first_30[27],g900_six_nine_source_geometry_field_origin_inventory_005.v1.json,six_nine,source_pair,06_09,"[6, 9]",06_09,,,,23->24,"9,11",,,"[3, 9, 6, 12]",9,,,
103,g900_six_nine_source_geometry_address_handle_039.v1.json,$.address_rows_first_30[28],g900_six_nine_source_geometry_field_origin_inventory_005.v1.json,six_nine,source_endpoints,06_09,"[6, 9]",06_09,,,,23->24,"9,11",,,"[3, 9, 6, 12]",9,,,
104,g900_six_nine_source_geometry_address_handle_039.v1.json,$.address_rows_first_30[29],g900_six_nine_source_geometry_field_origin_inventory_005.v1.json,six_nine,source_pair,06_09,"[6, 9]",06_09,,,,23->24,"9,11",,,"[3, 9, 6, 12]",9,,,
105,g900_six_nine_source_geometry_address_handle_039.v1.json,$.context_only_rows_first_30[1],g900_six_nine_foundation_packet_origin_selector_008.v1.json,six_nine,source_endpoints,06_09,"[6, 9]",06_09,,,,23->24,,,"[3, 9, 6, 12]",,9,,,
106,g900_six_nine_source_geometry_address_handle_039.v1.json,$.context_only_rows_first_30[2],g900_six_nine_foundation_packet_origin_selector_008.v1.json,six_nine,source_pair,06_09,"[6, 9]",06_09,,,,23->24,,,"[3, 9, 6, 12]",,9,,,
107,g900_six_nine_source_geometry_address_handle_039.v1.json,$.context_only_rows_first_30[4],g900_six_nine_foundation_packet_origin_selector_008.v1.json,six_nine,source_endpoints,06_09,"[6, 9]",06_09,,,,23->24,,,"[3, 9, 6, 12]",,6,,,
108,g900_six_nine_source_geometry_address_handle_039.v1.json,$.context_only_rows_first_30[5],g900_six_nine_foundation_packet_origin_selector_008.v1.json,six_nine,source_pair,06_09,"[6, 9]",06_09,,,,23->24,,,"[3, 9, 6, 12]",,6,,,
109,g900_six_nine_source_geometry_address_handle_039.v1.json,$.context_only_rows_first_30[7],g900_six_nine_foundation_packet_origin_selector_008.v1.json,six_nine,source_endpoints,06_09,"[6, 9]",06_09,,,,23->24,,,"[3, 9, 6, 12]",,9,,,
110,g900_six_nine_source_geometry_address_handle_039.v1.json,$.context_only_rows_first_30[8],g900_six_nine_foundation_packet_origin_selector_008.v1.json,six_nine,source_pair,06_09,"[6, 9]",06_09,,,,23->24,,,"[3, 9, 6, 12]",,9,,,
111,g900_six_nine_source_geometry_address_handle_039.v1.json,$.context_only_rows_first_30[10],g900_six_nine_foundation_packet_origin_selector_008.v1.json,six_nine,source_endpoints,06_09,"[6, 9]",06_09,,,,23->24,,,"[3, 9, 6, 12]",,6,,,
112,g900_six_nine_source_geometry_address_handle_039.v1.json,$.context_only_rows_first_30[11],g900_six_nine_foundation_packet_origin_selector_008.v1.json,six_nine,source_pair,06_09,"[6, 9]",06_09,,,,23->24,,,"[3, 9, 6, 12]",,6,,,
113,g900_six_nine_source_geometry_address_handle_039.v1.json,$.context_only_rows_first_30[12],g900_six_nine_foundation_packet_origin_selector_008.v1.json,six_nine,source_pair,06_09,,06_09,,,,23->24,,,"[3, 9, 6, 12]",,6,,,
114,g900_six_nine_source_geometry_address_handle_039.v1.json,$.context_only_rows_first_30[13],g900_six_nine_foundation_packet_origin_selector_008.v1.json,six_nine,source_pair,06_09,,06_09,,,,23->24,,,"[3, 9, 6, 12]",,9,,,
115,g900_six_nine_source_geometry_address_handle_039.v1.json,$.context_only_rows_first_30[14],g900_six_nine_foundation_packet_origin_selector_008.v1.json,six_nine,source_pair,06_09,,06_09,,,,23->24,,,"[3, 6, 9, 12]",,6,,,
116,g900_six_nine_source_geometry_address_handle_039.v1.json,$.context_only_rows_first_30[15],g900_six_nine_foundation_packet_origin_selector_008.v1.json,six_nine,source_pair,06_09,,06_09,,,,23->24,,,"[3, 9, 6, 12]",,9,,,
117,g900_six_nine_source_geometry_address_handle_039.v1.json,$.context_only_rows_first_30[17],g900_six_nine_foundation_packet_origin_selector_008.v1.json,six_nine,source_endpoints,06_09,"[6, 9]",06_09,,,,23->24,,,"[3, 6, 9, 12]",,6,,,
118,g900_six_nine_source_geometry_address_handle_039.v1.json,$.context_only_rows_first_30[18],g900_six_nine_foundation_packet_origin_selector_008.v1.json,six_nine,source_pair,06_09,"[6, 9]",06_09,,,,23->24,,,"[3, 6, 9, 12]",,6,,,
119,g900_six_nine_source_geometry_address_handle_039.v1.json,$.context_only_rows_first_30[20],g900_six_nine_foundation_packet_origin_selector_008.v1.json,six_nine,source_endpoints,06_09,"[6, 9]",06_09,,,,23->24,,,,,,,,
120,g900_six_nine_source_geometry_address_handle_039.v1.json,$.context_only_rows_first_30[21],g900_six_nine_foundation_packet_origin_selector_008.v1.json,six_nine,source_pair,06_09,"[6, 9]",06_09,,,,23->24,,,,,,,,
121,g900_six_nine_source_geometry_address_handle_039.v1.json,$.context_only_rows_first_30[23],g900_six_nine_foundation_packet_origin_selector_008.v1.json,six_nine,source_endpoints,06_09,"[6, 9]",06_09,,,,23->24,,,,,,,,
122,g900_six_nine_source_geometry_address_handle_039.v1.json,$.context_only_rows_first_30[24],g900_six_nine_foundation_packet_origin_selector_008.v1.json,six_nine,source_pair,06_09,"[6, 9]",06_09,,,,23->24,,,,,,,,
123,g900_six_nine_source_geometry_address_handle_039.v1.json,$.context_only_rows_first_30[25],g900_six_nine_foundation_packet_origin_selector_008.v1.json,six_nine,source_pair,06_09,,06_09,,,,23->24,,,,,,,,
124,g900_six_nine_source_geometry_address_handle_039.v1.json,$.context_only_rows_first_30[26],g900_six_nine_foundation_packet_origin_selector_008.v1.json,six_nine,source_pair,06_09,,06_09,,,,23->24,,,,,,,,
125,g900_six_nine_source_geometry_address_handle_039.v1.json,$.context_only_rows_first_30[27],g900_six_nine_foundation_packet_origin_selector_008.v1.json,six_nine,source_pair,06_09,,06_09,,,,23->24,,,,,,,,
126,g900_six_nine_source_geometry_address_handle_039.v1.json,$.context_only_rows_first_30[28],g900_six_nine_foundation_packet_origin_selector_008.v1.json,six_nine,source_pair,06_09,,06_09,,,,23->24,,,,,,,,
127,g900_six_nine_source_geometry_address_handle_039.v1.json,$.context_only_rows_first_30[29],g900_six_nine_foundation_packet_origin_selector_008.v1.json,six_nine,source_pair,06_09,,06_09,,,,23->24,,,,,,,,
128,g900_six_nine_source_geometry_signature_origin_038.v1.json,$.path_handle_rows_first_30[1],g900_six_nine_foundation_packet_origin_selector_008.v1.json,six_nine,source_endpoints,06_09,"[6, 9]",06_09,,,,23->24,,,"[3, 9, 6, 12]",,9,,,
129,g900_six_nine_source_geometry_signature_origin_038.v1.json,$.path_handle_rows_first_30[2],g900_six_nine_foundation_packet_origin_selector_008.v1.json,six_nine,source_pair,06_09,"[6, 9]",06_09,,,,23->24,,,"[3, 9, 6, 12]",,9,,,
130,g900_six_nine_source_geometry_signature_origin_038.v1.json,$.path_handle_rows_first_30[4],g900_six_nine_foundation_packet_origin_selector_008.v1.json,six_nine,source_endpoints,06_09,"[6, 9]",06_09,,,,23->24,,,"[3, 9, 6, 12]",,6,,,
131,g900_six_nine_source_geometry_signature_origin_038.v1.json,$.path_handle_rows_first_30[5],g900_six_nine_foundation_packet_origin_selector_008.v1.json,six_nine,source_pair,06_09,"[6, 9]",06_09,,,,23->24,,,"[3, 9, 6, 12]",,6,,,
132,g900_six_nine_source_geometry_signature_origin_038.v1.json,$.path_handle_rows_first_30[7],g900_six_nine_foundation_packet_origin_selector_008.v1.json,six_nine,source_endpoints,06_09,"[6, 9]",06_09,,,,23->24,,,"[3, 9, 6, 12]",,9,,,
133,g900_six_nine_source_geometry_signature_origin_038.v1.json,$.path_handle_rows_first_30[8],g900_six_nine_foundation_packet_origin_selector_008.v1.json,six_nine,source_pair,06_09,"[6, 9]",06_09,,,,23->24,,,"[3, 9, 6, 12]",,9,,,
134,g900_six_nine_source_geometry_signature_origin_038.v1.json,$.path_handle_rows_first_30[10],g900_six_nine_foundation_packet_origin_selector_008.v1.json,six_nine,source_endpoints,06_09,"[6, 9]",06_09,,,,23->24,,,"[3, 9, 6, 12]",,6,,,
135,g900_six_nine_source_geometry_signature_origin_038.v1.json,$.path_handle_rows_first_30[11],g900_six_nine_foundation_packet_origin_selector_008.v1.json,six_nine,source_pair,06_09,"[6, 9]",06_09,,,,23->24,,,"[3, 9, 6, 12]",,6,,,
136,g900_six_nine_source_geometry_signature_origin_038.v1.json,$.path_handle_rows_first_30[12],g900_six_nine_foundation_packet_origin_selector_008.v1.json,six_nine,source_pair,06_09,,06_09,,,,23->24,,,"[3, 9, 6, 12]",,6,,,
137,g900_six_nine_source_geometry_signature_origin_038.v1.json,$.path_handle_rows_first_30[13],g900_six_nine_foundation_packet_origin_selector_008.v1.json,six_nine,source_pair,06_09,,06_09,,,,23->24,,,"[3, 9, 6, 12]",,9,,,
138,g900_six_nine_source_geometry_signature_origin_038.v1.json,$.path_handle_rows_first_30[14],g900_six_nine_foundation_packet_origin_selector_008.v1.json,six_nine,source_pair,06_09,,06_09,,,,23->24,,,"[3, 6, 9, 12]",,6,,,
139,g900_six_nine_source_geometry_signature_origin_038.v1.json,$.path_handle_rows_first_30[15],g900_six_nine_foundation_packet_origin_selector_008.v1.json,six_nine,source_pair,06_09,,06_09,,,,23->24,,,"[3, 9, 6, 12]",,9,,,
140,g900_six_nine_source_geometry_signature_origin_038.v1.json,$.path_handle_rows_first_30[17],g900_six_nine_foundation_packet_origin_selector_008.v1.json,six_nine,source_endpoints,06_09,"[6, 9]",06_09,,,,23->24,,,"[3, 6, 9, 12]",,6,,,
141,g900_six_nine_source_geometry_signature_origin_038.v1.json,$.path_handle_rows_first_30[18],g900_six_nine_foundation_packet_origin_selector_008.v1.json,six_nine,source_pair,06_09,"[6, 9]",06_09,,,,23->24,,,"[3, 6, 9, 12]",,6,,,
142,g900_six_nine_source_geometry_signature_origin_038.v1.json,$.path_handle_rows_first_30[20],g900_six_nine_foundation_packet_origin_selector_008.v1.json,six_nine,source_endpoints,06_09,"[6, 9]",06_09,,,,23->24,,,,,,,,
143,g900_six_nine_source_geometry_signature_origin_038.v1.json,$.path_handle_rows_first_30[21],g900_six_nine_foundation_packet_origin_selector_008.v1.json,six_nine,source_pair,06_09,"[6, 9]",06_09,,,,23->24,,,,,,,,
144,g900_six_nine_source_geometry_signature_origin_038.v1.json,$.path_handle_rows_first_30[23],g900_six_nine_foundation_packet_origin_selector_008.v1.json,six_nine,source_endpoints,06_09,"[6, 9]",06_09,,,,23->24,,,,,,,,
145,g900_six_nine_source_geometry_signature_origin_038.v1.json,$.path_handle_rows_first_30[24],g900_six_nine_foundation_packet_origin_selector_008.v1.json,six_nine,source_pair,06_09,"[6, 9]",06_09,,,,23->24,,,,,,,,
146,g900_six_nine_source_geometry_signature_origin_038.v1.json,$.path_handle_rows_first_30[25],g900_six_nine_foundation_packet_origin_selector_008.v1.json,six_nine,source_pair,06_09,,06_09,,,,23->24,,,,,,,,
147,g900_six_nine_source_geometry_signature_origin_038.v1.json,$.path_handle_rows_first_30[26],g900_six_nine_foundation_packet_origin_selector_008.v1.json,six_nine,source_pair,06_09,,06_09,,,,23->24,,,,,,,,
148,g900_six_nine_source_geometry_signature_origin_038.v1.json,$.path_handle_rows_first_30[27],g900_six_nine_foundation_packet_origin_selector_008.v1.json,six_nine,source_pair,06_09,,06_09,,,,23->24,,,,,,,,
149,g900_six_nine_source_geometry_signature_origin_038.v1.json,$.path_handle_rows_first_30[28],g900_six_nine_foundation_packet_origin_selector_008.v1.json,six_nine,source_pair,06_09,,06_09,,,,23->24,,,,,,,,
150,g900_six_nine_source_geometry_signature_origin_038.v1.json,$.path_handle_rows_first_30[29],g900_six_nine_foundation_packet_origin_selector_008.v1.json,six_nine,source_pair,06_09,,06_09,,,,23->24,,,,,,,,
151,g900_six_nine_source_geometry_signature_origin_038.v1.json,$.source_geometry_rows_first_30[0],g900_six_nine_source_geometry_field_origin_inventory_005.v1.json,six_nine,source_endpoints,06_09,"[6, 9]",06_09,,,,23->24,"[9,11]",,"[3, 9, 6, 12]","[3, 6, 9, 12]",9,,,
152,g900_six_nine_source_geometry_signature_origin_038.v1.json,$.source_geometry_rows_first_30[1],g900_six_nine_source_geometry_field_origin_inventory_005.v1.json,six_nine,source_pair,06_09,"[6, 9]",06_09,,,,23->24,"[9,11]",,"[3, 9, 6, 12]","[3, 6, 9, 12]",9,,,
153,g900_six_nine_source_geometry_signature_origin_038.v1.json,$.source_geometry_rows_first_30[2],g900_six_nine_source_geometry_field_origin_inventory_005.v1.json,six_nine,source_endpoints,06_09,"[6, 9]",06_09,,,,23->24,"[9,11]",,"[3, 9, 6, 12]","[3, 6, 9, 12]",9,,,
154,g900_six_nine_source_geometry_signature_origin_038.v1.json,$.source_geometry_rows_first_30[3],g900_six_nine_source_geometry_field_origin_inventory_005.v1.json,six_nine,source_pair,06_09,"[6, 9]",06_09,,,,23->24,"[9,11]",,"[3, 9, 6, 12]","[3, 6, 9, 12]",9,,,
155,g900_six_nine_source_geometry_signature_origin_038.v1.json,$.source_geometry_rows_first_30[4],g900_six_nine_source_geometry_field_origin_inventory_005.v1.json,six_nine,source_endpoints,06_09,"[6, 9]",06_09,,,,23->24,"[9,11]",,"[3, 9, 6, 12]","[3, 9, 6, 12]",6,,,
156,g900_six_nine_source_geometry_signature_origin_038.v1.json,$.source_geometry_rows_first_30[5],g900_six_nine_source_geometry_field_origin_inventory_005.v1.json,six_nine,source_pair,06_09,"[6, 9]",06_09,,,,23->24,"[9,11]",,"[3, 9, 6, 12]","[3, 9, 6, 12]",6,,,
157,g900_six_nine_source_geometry_signature_origin_038.v1.json,$.source_geometry_rows_first_30[6],g900_six_nine_source_geometry_field_origin_inventory_005.v1.json,six_nine,source_endpoints,06_09,"[6, 9]",06_09,,,,23->24,"[9,11]",,"[3, 9, 6, 12]","[3, 9, 6, 12]",6,,,
158,g900_six_nine_source_geometry_signature_origin_038.v1.json,$.source_geometry_rows_first_30[7],g900_six_nine_source_geometry_field_origin_inventory_005.v1.json,six_nine,source_pair,06_09,"[6, 9]",06_09,,,,23->24,"[9,11]",,"[3, 9, 6, 12]","[3, 9, 6, 12]",6,,,
159,g900_six_nine_source_geometry_signature_origin_038.v1.json,$.source_geometry_rows_first_30[8],g900_six_nine_source_geometry_field_origin_inventory_005.v1.json,six_nine,source_endpoints,06_09,"[6, 9]",06_09,,,,23->24,"9,11",,,"[3, 6, 9, 12]",6,,,
160,g900_six_nine_source_geometry_signature_origin_038.v1.json,$.source_geometry_rows_first_30[9],g900_six_nine_source_geometry_field_origin_inventory_005.v1.json,six_nine,source_pair,06_09,"[6, 9]",06_09,,,,23->24,"9,11",,,"[3, 6, 9, 12]",6,,,
161,g900_six_nine_source_geometry_signature_origin_038.v1.json,$.source_geometry_rows_first_30[10],g900_six_nine_source_geometry_field_origin_inventory_005.v1.json,six_nine,source_endpoints,06_09,"[6, 9]",06_09,,,,23->24,"9,11",,,"[3, 6, 9, 12]",6,,,
162,g900_six_nine_source_geometry_signature_origin_038.v1.json,$.source_geometry_rows_first_30[11],g900_six_nine_source_geometry_field_origin_inventory_005.v1.json,six_nine,source_pair,06_09,"[6, 9]",06_09,,,,23->24,"9,11",,,"[3, 6, 9, 12]",6,,,
163,g900_six_nine_source_geometry_signature_origin_038.v1.json,$.source_geometry_rows_first_30[12],g900_six_nine_source_geometry_field_origin_inventory_005.v1.json,six_nine,source_endpoints,06_09,"[6, 9]",06_09,,,,23->24,"9,11",,,"[3, 6, 9, 12]",6,,,
164,g900_six_nine_source_geometry_signature_origin_038.v1.json,$.source_geometry_rows_first_30[13],g900_six_nine_source_geometry_field_origin_inventory_005.v1.json,six_nine,source_pair,06_09,"[6, 9]",06_09,,,,23->24,"9,11",,,"[3, 6, 9, 12]",6,,,
165,g900_six_nine_source_geometry_signature_origin_038.v1.json,$.source_geometry_rows_first_30[14],g900_six_nine_source_geometry_field_origin_inventory_005.v1.json,six_nine,source_endpoints,06_09,"[6, 9]",06_09,,,,23->24,"9,11",,,"[3, 9, 6, 12]",9,,,
166,g900_six_nine_source_geometry_signature_origin_038.v1.json,$.source_geometry_rows_first_30[15],g900_six_nine_source_geometry_field_origin_inventory_005.v1.json,six_nine,source_pair,06_09,"[6, 9]",06_09,,,,23->24,"9,11",,,"[3, 9, 6, 12]",9,,,
167,g900_six_nine_source_geometry_signature_origin_038.v1.json,$.source_geometry_rows_first_30[16],g900_six_nine_source_geometry_field_origin_inventory_005.v1.json,six_nine,source_endpoints,06_09,"[6, 9]",06_09,,,,23->24,"9,11",,,"[3, 9, 6, 12]",9,,,
168,g900_six_nine_source_geometry_signature_origin_038.v1.json,$.source_geometry_rows_first_30[17],g900_six_nine_source_geometry_field_origin_inventory_005.v1.json,six_nine,source_pair,06_09,"[6, 9]",06_09,,,,23->24,"9,11",,,"[3, 9, 6, 12]",9,,,
169,g900_six_nine_source_geometry_signature_origin_038.v1.json,$.source_geometry_rows_first_30[18],g900_six_nine_source_geometry_field_origin_inventory_005.v1.json,six_nine,source_endpoints,06_09,"[6, 9]",06_09,,,,23->24,"9,11",,,"[3, 9, 6, 12]",9,,,
170,g900_six_nine_source_geometry_signature_origin_038.v1.json,$.source_geometry_rows_first_30[19],g900_six_nine_source_geometry_field_origin_inventory_005.v1.json,six_nine,source_pair,06_09,"[6, 9]",06_09,,,,23->24,"9,11",,,"[3, 9, 6, 12]",9,,,
171,g900_six_nine_source_geometry_signature_origin_038.v1.json,$.source_geometry_rows_first_30[20],g900_six_nine_source_geometry_field_origin_inventory_005.v1.json,six_nine,source_endpoints,06_09,"[6, 9]",06_09,,,,23->24,"9,11",,,"[3, 6, 9, 12]",6,,,
172,g900_six_nine_source_geometry_signature_origin_038.v1.json,$.source_geometry_rows_first_30[21],g900_six_nine_source_geometry_field_origin_inventory_005.v1.json,six_nine,source_pair,06_09,"[6, 9]",06_09,,,,23->24,"9,11",,,"[3, 6, 9, 12]",6,,,
173,g900_six_nine_source_geometry_signature_origin_038.v1.json,$.source_geometry_rows_first_30[22],g900_six_nine_source_geometry_field_origin_inventory_005.v1.json,six_nine,source_endpoints,06_09,"[6, 9]",06_09,,,,23->24,"9,11",,,"[3, 6, 9, 12]",6,,,
174,g900_six_nine_source_geometry_signature_origin_038.v1.json,$.source_geometry_rows_first_30[23],g900_six_nine_source_geometry_field_origin_inventory_005.v1.json,six_nine,source_pair,06_09,"[6, 9]",06_09,,,,23->24,"9,11",,,"[3, 6, 9, 12]",6,,,
175,g900_six_nine_source_geometry_signature_origin_038.v1.json,$.source_geometry_rows_first_30[24],g900_six_nine_source_geometry_field_origin_inventory_005.v1.json,six_nine,source_endpoints,06_09,"[6, 9]",06_09,,,,23->24,"9,11",,,"[3, 6, 9, 12]",6,,,
176,g900_six_nine_source_geometry_signature_origin_038.v1.json,$.source_geometry_rows_first_30[25],g900_six_nine_source_geometry_field_origin_inventory_005.v1.json,six_nine,source_pair,06_09,"[6, 9]",06_09,,,,23->24,"9,11",,,"[3, 6, 9, 12]",6,,,
177,g900_six_nine_source_geometry_signature_origin_038.v1.json,$.source_geometry_rows_first_30[26],g900_six_nine_source_geometry_field_origin_inventory_005.v1.json,six_nine,source_endpoints,06_09,"[6, 9]",06_09,,,,23->24,"9,11",,,"[3, 9, 6, 12]",9,,,
178,g900_six_nine_source_geometry_signature_origin_038.v1.json,$.source_geometry_rows_first_30[27],g900_six_nine_source_geometry_field_origin_inventory_005.v1.json,six_nine,source_pair,06_09,"[6, 9]",06_09,,,,23->24,"9,11",,,"[3, 9, 6, 12]",9,,,
179,g900_six_nine_source_geometry_signature_origin_038.v1.json,$.source_geometry_rows_first_30[28],g900_six_nine_source_geometry_field_origin_inventory_005.v1.json,six_nine,source_endpoints,06_09,"[6, 9]",06_09,,,,23->24,"9,11",,,"[3, 9, 6, 12]",9,,,
180,g900_six_nine_source_geometry_signature_origin_038.v1.json,$.source_geometry_rows_first_30[29],g900_six_nine_source_geometry_field_origin_inventory_005.v1.json,six_nine,source_pair,06_09,"[6, 9]",06_09,,,,23->24,"9,11",,,"[3, 9, 6, 12]",9,,,
181,g900_six_nine_source_like_endpoint_contrast_inspection_033.v1.json,$.target_rows_first_30[0],g900-six-nine-ladder-3-6-9-12-source-derivation-audit-001.v1.json,six_nine,source_endpoints,06_09,"[6, 9]",06_09,,,12,23->24,"[9,11]",,"[3, 9, 6, 12]","[3, 6, 9, 12]",9,,,
182,g900_six_nine_source_like_endpoint_contrast_inspection_033.v1.json,$.target_rows_first_30[1],g900-six-nine-ladder-3-6-9-12-source-derivation-audit-001.v1.json,six_nine,source_pair,06_09,"[6, 9]",06_09,,,12,23->24,"[9,11]",,"[3, 9, 6, 12]","[3, 6, 9, 12]",9,,,
183,g900_six_nine_source_like_endpoint_contrast_inspection_033.v1.json,$.target_rows_first_30[2],g900-six-nine-ladder-3-6-9-12-source-derivation-audit-001.v1.json,six_nine,source_endpoints,06_09,"[6, 9]",06_09,,,12,23->24,"[9,11]",,"[3, 9, 6, 12]","[3, 9, 6, 12]",6,,,
184,g900_six_nine_source_like_endpoint_contrast_inspection_033.v1.json,$.target_rows_first_30[3],g900-six-nine-ladder-3-6-9-12-source-derivation-audit-001.v1.json,six_nine,source_pair,06_09,"[6, 9]",06_09,,,12,23->24,"[9,11]",,"[3, 9, 6, 12]","[3, 9, 6, 12]",6,,,
185,g900_six_nine_source_like_endpoint_contrast_inspection_033.v1.json,$.target_rows_first_30[4],g900_all_phase_ladder_spectrum_audit_001.v1.json,phase,source_pair,06_09,"[6, 9]",06_09,,,12,23->24,,,,"[3, 6, 9, 12]",6,,,
186,g900_six_nine_source_like_endpoint_contrast_inspection_033.v1.json,$.target_rows_first_30[5],g900_all_phase_ladder_spectrum_audit_001.v1.json,phase,source_endpoints,06_09,"[6, 9]",06_09,,,12,23->24,,,,"[3, 6, 9, 12]",6,,,
187,g900_six_nine_source_like_endpoint_contrast_inspection_033.v1.json,$.target_rows_first_30[6],g900_all_phase_ladder_spectrum_audit_001.v1.json,phase,source_pair,06_09,"[6, 9]",06_09,,,12,23->24,,,,"[3, 6, 9, 12]",6,,,
188,g900_six_nine_source_like_endpoint_contrast_inspection_033.v1.json,$.target_rows_first_30[7],g900_all_phase_ladder_spectrum_audit_001.v1.json,phase,source_endpoints,06_09,"[6, 9]",06_09,,,12,23->24,,,,"[3, 6, 9, 12]",6,,,
189,g900_six_nine_source_like_endpoint_contrast_inspection_033.v1.json,$.target_rows_first_30[8],g900_all_phase_ladder_spectrum_audit_001.v1.json,phase,source_pair,06_09,"[6, 9]",06_09,,,12,23->24,,,,"[3, 9, 6, 12]",9,,,
190,g900_six_nine_source_like_endpoint_contrast_inspection_033.v1.json,$.target_rows_first_30[9],g900_all_phase_ladder_spectrum_audit_001.v1.json,phase,source_endpoints,06_09,"[6, 9]",06_09,,,12,23->24,,,,"[3, 9, 6, 12]",9,,,
191,g900_six_nine_source_like_endpoint_contrast_inspection_033.v1.json,$.target_rows_first_30[10],g900_distinct_ladder_nonanswer_comparison_001.v1.json,ladder,source_pair,06_09,"[6, 9]",06_09,,,12,23->24,,,,"[3, 6, 9, 12]",6,,,
192,g900_six_nine_source_like_endpoint_contrast_inspection_033.v1.json,$.target_rows_first_30[11],g900_distinct_ladder_nonanswer_comparison_001.v1.json,ladder,source_endpoints,06_09,"[6, 9]",06_09,,,12,23->24,,,,"[3, 6, 9, 12]",6,,,
193,g900_six_nine_source_like_endpoint_contrast_inspection_033.v1.json,$.target_rows_first_30[12],g900_distinct_ladder_nonanswer_comparison_001.v1.json,ladder,source_pair,06_09,"[6, 9]",06_09,,,12,23->24,,,,"[3, 9, 6, 12]",9,,,
194,g900_six_nine_source_like_endpoint_contrast_inspection_033.v1.json,$.target_rows_first_30[13],g900_distinct_ladder_nonanswer_comparison_001.v1.json,ladder,source_endpoints,06_09,"[6, 9]",06_09,,,12,23->24,,,,"[3, 9, 6, 12]",9,,,
195,g900_six_nine_source_like_endpoint_contrast_inspection_033.v1.json,$.target_rows_first_30[14],g900_phase3_fork_ladder_family_audit_001.v1.json,phase,source_pair,06_09,"[6, 9]",06_09,,,12,23->24,,,,"[3, 6, 9, 12]",6,,,
196,g900_six_nine_source_like_endpoint_contrast_inspection_033.v1.json,$.target_rows_first_30[15],g900_phase3_fork_ladder_family_audit_001.v1.json,phase,source_endpoints,06_09,"[6, 9]",06_09,,,12,23->24,,,,"[3, 6, 9, 12]",6,,,
197,g900_six_nine_source_like_endpoint_contrast_inspection_033.v1.json,$.target_rows_first_30[16],g900_phase3_other_ladder_comparison_001.v1.json,phase,source_pair,06_09,"[6, 9]",06_09,,,12,23->24,,,,"[3, 6, 9, 12]",6,,,
198,g900_six_nine_source_like_endpoint_contrast_inspection_033.v1.json,$.target_rows_first_30[17],g900_phase3_other_ladder_comparison_001.v1.json,phase,source_endpoints,06_09,"[6, 9]",06_09,,,12,23->24,,,,"[3, 6, 9, 12]",6,,,
199,g900_six_nine_source_like_endpoint_contrast_inspection_033.v1.json,$.target_rows_first_30[18],g900_six_nine_endpoint_chord_hinge_origin_law_029.v1.json,six_nine,endpoints,06_09,,,,,,,,,,,,,,
200,g900_six_nine_source_like_endpoint_contrast_inspection_033.v1.json,$.target_rows_first_30[19],g900_six_nine_endpoint_chord_hinge_origin_law_029.v1.json,six_nine,endpoint_chord,06_09,,,,,,,,,,,,,,
201,g900_six_nine_source_like_endpoint_contrast_inspection_033.v1.json,$.target_rows_first_30[20],g900_six_nine_foundation_packet_broader_origin_selector_009.v1.json,six_nine,packet.source_endpoints,06_09,,,,,,,,,,,,,,
202,g900_six_nine_source_like_endpoint_contrast_inspection_033.v1.json,$.target_rows_first_30[21],g900_six_nine_foundation_packet_broader_origin_selector_009.v1.json,six_nine,source_endpoints,06_09,"[6, 9]",,,,,,,,"[3, 9, 6, 12]",,9,,,
203,g900_six_nine_source_like_endpoint_contrast_inspection_033.v1.json,$.target_rows_first_30[22],g900_six_nine_foundation_packet_broader_origin_selector_009.v1.json,six_nine,packet.source_endpoints,06_09,,,,,,,,,,,,,,
204,g900_six_nine_source_like_endpoint_contrast_inspection_033.v1.json,$.target_rows_first_30[23],g900_six_nine_foundation_packet_broader_origin_selector_009.v1.json,six_nine,source_endpoints,06_09,"[6, 9]",,,,,,,,"[3, 9, 6, 12]",,6,,,
205,g900_six_nine_source_like_endpoint_contrast_inspection_033.v1.json,$.target_rows_first_30[24],g900_six_nine_foundation_packet_broader_origin_selector_009.v1.json,six_nine,packet.source_endpoints,06_09,,,,,,,,,,,,,,
206,g900_six_nine_source_like_endpoint_contrast_inspection_033.v1.json,$.target_rows_first_30[25],g900_six_nine_foundation_packet_broader_origin_selector_009.v1.json,six_nine,source_endpoints,06_09,"[6, 9]",,,,,,,,"[3, 6, 9, 12]",,6,,,
207,g900_six_nine_source_like_endpoint_contrast_inspection_033.v1.json,$.target_rows_first_30[26],g900_six_nine_foundation_packet_broader_origin_selector_009.v1.json,six_nine,packet.source_endpoints,06_09,,,,,,,,,,,,,,
208,g900_six_nine_source_like_endpoint_contrast_inspection_033.v1.json,$.target_rows_first_30[27],g900_six_nine_foundation_packet_broader_origin_selector_009.v1.json,six_nine,source_endpoints,06_09,"[6, 9]",,,,,,,,,,,,,
209,g900_six_nine_source_like_endpoint_contrast_inspection_033.v1.json,$.target_rows_first_30[28],g900_six_nine_foundation_packet_broader_origin_selector_009.v1.json,six_nine,source_pair,06_09,,06_09,,,3,23->24,,,"[3, 9, 6, 12]",,6,,,
210,g900_six_nine_source_like_endpoint_contrast_inspection_033.v1.json,$.target_rows_first_30[29],g900_six_nine_foundation_packet_broader_origin_selector_009.v1.json,six_nine,source_pair,06_09,,06_09,,,6,23->24,,,"[3, 9, 6, 12]",,9,,,
211,g900_six_nine_target_only_signature_selector_037.v1.json,$.selected_rows_first_30[0],g900_six_nine_source_geometry_field_origin_inventory_005.v1.json,six_nine,source_endpoints,06_09,"[6, 9]",06_09,,,,23->24,"[9,11]",,"[3, 9, 6, 12]","[3, 6, 9, 12]",9,,,
212,g900_six_nine_target_only_signature_selector_037.v1.json,$.selected_rows_first_30[1],g900_six_nine_source_geometry_field_origin_inventory_005.v1.json,six_nine,source_pair,06_09,"[6, 9]",06_09,,,,23->24,"[9,11]",,"[3, 9, 6, 12]","[3, 6, 9, 12]",9,,,
213,g900_six_nine_target_only_signature_selector_037.v1.json,$.selected_rows_first_30[2],g900_six_nine_source_geometry_field_origin_inventory_005.v1.json,six_nine,source_endpoints,06_09,"[6, 9]",06_09,,,,23->24,"[9,11]",,"[3, 9, 6, 12]","[3, 6, 9, 12]",9,,,
214,g900_six_nine_target_only_signature_selector_037.v1.json,$.selected_rows_first_30[3],g900_six_nine_source_geometry_field_origin_inventory_005.v1.json,six_nine,source_pair,06_09,"[6, 9]",06_09,,,,23->24,"[9,11]",,"[3, 9, 6, 12]","[3, 6, 9, 12]",9,,,
215,g900_six_nine_target_only_signature_selector_037.v1.json,$.selected_rows_first_30[4],g900_six_nine_source_geometry_field_origin_inventory_005.v1.json,six_nine,source_endpoints,06_09,"[6, 9]",06_09,,,,23->24,"[9,11]",,"[3, 9, 6, 12]","[3, 9, 6, 12]",6,,,
216,g900_six_nine_target_only_signature_selector_037.v1.json,$.selected_rows_first_30[5],g900_six_nine_source_geometry_field_origin_inventory_005.v1.json,six_nine,source_pair,06_09,"[6, 9]",06_09,,,,23->24,"[9,11]",,"[3, 9, 6, 12]","[3, 9, 6, 12]",6,,,
217,g900_six_nine_target_only_signature_selector_037.v1.json,$.selected_rows_first_30[6],g900_six_nine_source_geometry_field_origin_inventory_005.v1.json,six_nine,source_endpoints,06_09,"[6, 9]",06_09,,,,23->24,"[9,11]",,"[3, 9, 6, 12]","[3, 9, 6, 12]",6,,,
218,g900_six_nine_target_only_signature_selector_037.v1.json,$.selected_rows_first_30[7],g900_six_nine_source_geometry_field_origin_inventory_005.v1.json,six_nine,source_pair,06_09,"[6, 9]",06_09,,,,23->24,"[9,11]",,"[3, 9, 6, 12]","[3, 9, 6, 12]",6,,,
219,g900_six_nine_target_only_signature_selector_037.v1.json,$.selected_rows_first_30[8],g900_six_nine_source_geometry_field_origin_inventory_005.v1.json,six_nine,source_endpoints,06_09,"[6, 9]",06_09,,,,23->24,"9,11",,,"[3, 6, 9, 12]",6,,,
220,g900_six_nine_target_only_signature_selector_037.v1.json,$.selected_rows_first_30[9],g900_six_nine_source_geometry_field_origin_inventory_005.v1.json,six_nine,source_pair,06_09,"[6, 9]",06_09,,,,23->24,"9,11",,,"[3, 6, 9, 12]",6,,,
221,g900_six_nine_target_only_signature_selector_037.v1.json,$.selected_rows_first_30[10],g900_six_nine_source_geometry_field_origin_inventory_005.v1.json,six_nine,source_endpoints,06_09,"[6, 9]",06_09,,,,23->24,"9,11",,,"[3, 6, 9, 12]",6,,,
222,g900_six_nine_target_only_signature_selector_037.v1.json,$.selected_rows_first_30[11],g900_six_nine_source_geometry_field_origin_inventory_005.v1.json,six_nine,source_pair,06_09,"[6, 9]",06_09,,,,23->24,"9,11",,,"[3, 6, 9, 12]",6,,,
223,g900_six_nine_target_only_signature_selector_037.v1.json,$.selected_rows_first_30[12],g900_six_nine_source_geometry_field_origin_inventory_005.v1.json,six_nine,source_endpoints,06_09,"[6, 9]",06_09,,,,23->24,"9,11",,,"[3, 6, 9, 12]",6,,,
224,g900_six_nine_target_only_signature_selector_037.v1.json,$.selected_rows_first_30[13],g900_six_nine_source_geometry_field_origin_inventory_005.v1.json,six_nine,source_pair,06_09,"[6, 9]",06_09,,,,23->24,"9,11",,,"[3, 6, 9, 12]",6,,,
225,g900_six_nine_target_only_signature_selector_037.v1.json,$.selected_rows_first_30[14],g900_six_nine_source_geometry_field_origin_inventory_005.v1.json,six_nine,source_endpoints,06_09,"[6, 9]",06_09,,,,23->24,"9,11",,,"[3, 9, 6, 12]",9,,,
226,g900_six_nine_target_only_signature_selector_037.v1.json,$.selected_rows_first_30[15],g900_six_nine_source_geometry_field_origin_inventory_005.v1.json,six_nine,source_pair,06_09,"[6, 9]",06_09,,,,23->24,"9,11",,,"[3, 9, 6, 12]",9,,,
227,g900_six_nine_target_only_signature_selector_037.v1.json,$.selected_rows_first_30[16],g900_six_nine_source_geometry_field_origin_inventory_005.v1.json,six_nine,source_endpoints,06_09,"[6, 9]",06_09,,,,23->24,"9,11",,,"[3, 9, 6, 12]",9,,,
228,g900_six_nine_target_only_signature_selector_037.v1.json,$.selected_rows_first_30[17],g900_six_nine_source_geometry_field_origin_inventory_005.v1.json,six_nine,source_pair,06_09,"[6, 9]",06_09,,,,23->24,"9,11",,,"[3, 9, 6, 12]",9,,,
229,g900_six_nine_target_only_signature_selector_037.v1.json,$.selected_rows_first_30[18],g900_six_nine_source_geometry_field_origin_inventory_005.v1.json,six_nine,source_endpoints,06_09,"[6, 9]",06_09,,,,23->24,"9,11",,,"[3, 9, 6, 12]",9,,,
230,g900_six_nine_target_only_signature_selector_037.v1.json,$.selected_rows_first_30[19],g900_six_nine_source_geometry_field_origin_inventory_005.v1.json,six_nine,source_pair,06_09,"[6, 9]",06_09,,,,23->24,"9,11",,,"[3, 9, 6, 12]",9,,,
231,g900_six_nine_target_only_signature_selector_037.v1.json,$.selected_rows_first_30[20],g900_six_nine_source_geometry_field_origin_inventory_005.v1.json,six_nine,source_endpoints,06_09,"[6, 9]",06_09,,,,23->24,"9,11",,,"[3, 6, 9, 12]",6,,,
232,g900_six_nine_target_only_signature_selector_037.v1.json,$.selected_rows_first_30[21],g900_six_nine_source_geometry_field_origin_inventory_005.v1.json,six_nine,source_pair,06_09,"[6, 9]",06_09,,,,23->24,"9,11",,,"[3, 6, 9, 12]",6,,,
233,g900_six_nine_target_only_signature_selector_037.v1.json,$.selected_rows_first_30[22],g900_six_nine_source_geometry_field_origin_inventory_005.v1.json,six_nine,source_endpoints,06_09,"[6, 9]",06_09,,,,23->24,"9,11",,,"[3, 6, 9, 12]",6,,,
234,g900_six_nine_target_only_signature_selector_037.v1.json,$.selected_rows_first_30[23],g900_six_nine_source_geometry_field_origin_inventory_005.v1.json,six_nine,source_pair,06_09,"[6, 9]",06_09,,,,23->24,"9,11",,,"[3, 6, 9, 12]",6,,,
235,g900_six_nine_target_only_signature_selector_037.v1.json,$.selected_rows_first_30[24],g900_six_nine_source_geometry_field_origin_inventory_005.v1.json,six_nine,source_endpoints,06_09,"[6, 9]",06_09,,,,23->24,"9,11",,,"[3, 6, 9, 12]",6,,,
236,g900_six_nine_target_only_signature_selector_037.v1.json,$.selected_rows_first_30[25],g900_six_nine_source_geometry_field_origin_inventory_005.v1.json,six_nine,source_pair,06_09,"[6, 9]",06_09,,,,23->24,"9,11",,,"[3, 6, 9, 12]",6,,,
237,g900_six_nine_target_only_signature_selector_037.v1.json,$.selected_rows_first_30[26],g900_six_nine_source_geometry_field_origin_inventory_005.v1.json,six_nine,source_endpoints,06_09,"[6, 9]",06_09,,,,23->24,"9,11",,,"[3, 9, 6, 12]",9,,,
238,g900_six_nine_target_only_signature_selector_037.v1.json,$.selected_rows_first_30[27],g900_six_nine_source_geometry_field_origin_inventory_005.v1.json,six_nine,source_pair,06_09,"[6, 9]",06_09,,,,23->24,"9,11",,,"[3, 9, 6, 12]",9,,,
239,g900_six_nine_target_only_signature_selector_037.v1.json,$.selected_rows_first_30[28],g900_six_nine_source_geometry_field_origin_inventory_005.v1.json,six_nine,source_endpoints,06_09,"[6, 9]",06_09,,,,23->24,"9,11",,,"[3, 9, 6, 12]",9,,,
240,g900_six_nine_target_only_signature_selector_037.v1.json,$.selected_rows_first_30[29],g900_six_nine_source_geometry_field_origin_inventory_005.v1.json,six_nine,source_pair,06_09,"[6, 9]",06_09,,,,23->24,"9,11",,,"[3, 9, 6, 12]",9,,,
241,g900_six_nine_target_only_source_family_signature_036.v1.json,$.target_only_family_inspection.ladder_surface.sample_targets_first_10[1],g900_six_nine_native_fork_law_probe_001.v1.json,six_nine,source_endpoints,06_09,"[6, 9]",,,,,,,,,,6,,,
242,g900_six_nine_target_only_source_family_signature_036.v1.json,$.target_only_family_inspection.ladder_surface.sample_targets_first_10[2],g900_six_nine_return_span_carrier_variable_scout_014.v1.json,six_nine,context.packet.source_endpoints,06_09,,,,,,,,,,,,,,
243,g900_six_nine_target_only_source_family_signature_036.v1.json,$.target_only_family_inspection.residual_surface.sample_targets_first_10[0],g900_six_nine_residual_360_after_phase3_anatomy_021.v1.json,six_nine,source_pair,06_09,,06_09,,,,23->24,,,"[3, 9, 6, 12]",,6,,,
244,g900_six_nine_target_only_source_family_signature_036.v1.json,$.target_only_family_inspection.residual_surface.sample_targets_first_10[1],g900_six_nine_residual_360_after_phase3_anatomy_021.v1.json,six_nine,source_endpoints,06_09,"[6, 9]",,,,,,,,,,6,,,
245,g900_six_nine_target_only_source_family_signature_036.v1.json,$.target_only_family_inspection.residual_surface.sample_targets_first_10[2],g900_six_nine_residual_360_after_phase3_anatomy_021.v1.json,six_nine,source_pair,06_09,,06_09,,,,23->24,,,"[3, 9, 6, 12]",,6,,,
246,g900_six_nine_target_only_source_family_signature_036.v1.json,$.target_only_family_inspection.residual_surface.sample_targets_first_10[3],g900_six_nine_residual_360_after_phase3_anatomy_021.v1.json,six_nine,source_pair,06_09,,06_09,,,,23->24,,,"[3, 9, 6, 12]",,6,,,
247,g900_six_nine_target_only_source_family_signature_036.v1.json,$.target_only_family_inspection.residual_surface.sample_targets_first_10[4],g900_six_nine_residual_360_after_phase3_anatomy_021.v1.json,six_nine,source_endpoints,06_09,"[6, 9]",,,,,,,,,,6,,,
248,g900_six_nine_target_only_source_family_signature_036.v1.json,$.target_only_family_inspection.residual_surface.sample_targets_first_10[5],g900_six_nine_residual_360_manual_row_microscope_022.v1.json,six_nine,source_endpoints,06_09,"[6, 9]",,,,,,,,,,6,,,
249,g900_six_nine_target_only_source_family_signature_036.v1.json,$.target_only_family_inspection.residual_surface.sample_targets_first_10[6],g900_six_nine_residual_360_manual_row_microscope_022.v1.json,six_nine,source_endpoints,06_09,"[6, 9]",,,,,,,,,,6,,,
250,g900_six_nine_target_only_source_family_signature_036.v1.json,$.target_only_family_inspection.residual_surface.sample_targets_first_10[7],g900_six_nine_residual_360_packet_shape_collapse_023.v1.json,six_nine,source_endpoints,06_09,"[6, 9]",,,,,,,,,,6,,,
251,g900_six_nine_target_only_source_family_signature_036.v1.json,$.target_only_family_inspection.residual_surface.sample_targets_first_10[8],g900_six_nine_residual_360_packet_shape_collapse_023.v1.json,six_nine,source_endpoints,06_09,"[6, 9]",,,,,,,,,,6,,,
252,g900_six_nine_target_only_source_family_signature_036.v1.json,$.target_only_family_inspection.residual_surface.sample_targets_first_10[9],g900_six_nine_residual_shape_upstream_provenance_024.v1.json,six_nine,source_endpoints,06_09,"[6, 9]",,,,,,,,,,6,,,
253,g900_six_nine_target_only_source_family_signature_036.v1.json,$.target_only_family_inspection.source_gap_surface.sample_targets_first_10[5],g900_six_nine_foundation_packet_context_contrast_010.v1.json,six_nine,context.source_endpoints,06_09,,,,,,,,,,,,,,
254,g900_six_nine_target_only_source_family_signature_036.v1.json,$.target_only_family_inspection.source_geometry_surface.sample_targets_first_10[0],g900_six_nine_source_geometry_field_origin_inventory_005.v1.json,six_nine,source_endpoints,06_09,"[6, 9]",06_09,,,,23->24,"[9,11]",,"[3, 9, 6, 12]","[3, 6, 9, 12]",9,,,
255,g900_six_nine_target_only_source_family_signature_036.v1.json,$.target_only_family_inspection.source_geometry_surface.sample_targets_first_10[1],g900_six_nine_source_geometry_field_origin_inventory_005.v1.json,six_nine,source_pair,06_09,"[6, 9]",06_09,,,,23->24,"[9,11]",,"[3, 9, 6, 12]","[3, 6, 9, 12]",9,,,
256,g900_six_nine_target_only_source_family_signature_036.v1.json,$.target_only_family_inspection.source_geometry_surface.sample_targets_first_10[2],g900_six_nine_source_geometry_field_origin_inventory_005.v1.json,six_nine,source_endpoints,06_09,"[6, 9]",06_09,,,,23->24,"[9,11]",,"[3, 9, 6, 12]","[3, 6, 9, 12]",9,,,
257,g900_six_nine_target_only_source_family_signature_036.v1.json,$.target_only_family_inspection.source_geometry_surface.sample_targets_first_10[3],g900_six_nine_source_geometry_field_origin_inventory_005.v1.json,six_nine,source_pair,06_09,"[6, 9]",06_09,,,,23->24,"[9,11]",,"[3, 9, 6, 12]","[3, 6, 9, 12]",9,,,
258,g900_six_nine_target_only_source_family_signature_036.v1.json,$.target_only_family_inspection.source_geometry_surface.sample_targets_first_10[4],g900_six_nine_source_geometry_field_origin_inventory_005.v1.json,six_nine,source_endpoints,06_09,"[6, 9]",06_09,,,,23->24,"[9,11]",,"[3, 9, 6, 12]","[3, 9, 6, 12]",6,,,
259,g900_six_nine_target_only_source_family_signature_036.v1.json,$.target_only_family_inspection.source_geometry_surface.sample_targets_first_10[5],g900_six_nine_source_geometry_field_origin_inventory_005.v1.json,six_nine,source_pair,06_09,"[6, 9]",06_09,,,,23->24,"[9,11]",,"[3, 9, 6, 12]","[3, 9, 6, 12]",6,,,
260,g900_six_nine_target_only_source_family_signature_036.v1.json,$.target_only_family_inspection.source_geometry_surface.sample_targets_first_10[6],g900_six_nine_source_geometry_field_origin_inventory_005.v1.json,six_nine,source_endpoints,06_09,"[6, 9]",06_09,,,,23->24,"[9,11]",,"[3, 9, 6, 12]","[3, 9, 6, 12]",6,,,
261,g900_six_nine_target_only_source_family_signature_036.v1.json,$.target_only_family_inspection.source_geometry_surface.sample_targets_first_10[7],g900_six_nine_source_geometry_field_origin_inventory_005.v1.json,six_nine,source_pair,06_09,"[6, 9]",06_09,,,,23->24,"[9,11]",,"[3, 9, 6, 12]","[3, 9, 6, 12]",6,,,
262,g900_six_nine_target_only_source_family_signature_036.v1.json,$.target_only_family_inspection.source_geometry_surface.sample_targets_first_10[8],g900_six_nine_source_geometry_field_origin_inventory_005.v1.json,six_nine,source_endpoints,06_09,"[6, 9]",06_09,,,,23->24,"9,11",,,"[3, 6, 9, 12]",6,,,
263,g900_six_nine_target_only_source_family_signature_036.v1.json,$.target_only_family_inspection.source_geometry_surface.sample_targets_first_10[9],g900_six_nine_source_geometry_field_origin_inventory_005.v1.json,six_nine,source_pair,06_09,"[6, 9]",06_09,,,,23->24,"9,11",,,"[3, 6, 9, 12]",6,,,
264,g900_six_nine_true_source_endpoint_family_anatomy_035.v1.json,$.family_summary.ladder_surface.sample_targets[1],g900_six_nine_native_fork_law_probe_001.v1.json,six_nine,source_endpoints,06_09,"[6, 9]",,,,,,,,,,6,,,
265,g900_six_nine_true_source_endpoint_family_anatomy_035.v1.json,$.family_summary.ladder_surface.sample_targets[2],g900_six_nine_return_span_carrier_variable_scout_014.v1.json,six_nine,context.packet.source_endpoints,06_09,,,,,,,,,,,,,,
266,g900_six_nine_true_source_endpoint_family_anatomy_035.v1.json,$.family_summary.residual_surface.sample_targets[0],g900_six_nine_residual_360_after_phase3_anatomy_021.v1.json,six_nine,source_pair,06_09,,06_09,,,,23->24,,,"[3, 9, 6, 12]",,6,,,
267,g900_six_nine_true_source_endpoint_family_anatomy_035.v1.json,$.family_summary.residual_surface.sample_targets[1],g900_six_nine_residual_360_after_phase3_anatomy_021.v1.json,six_nine,source_endpoints,06_09,"[6, 9]",,,,,,,,,,6,,,
268,g900_six_nine_true_source_endpoint_family_anatomy_035.v1.json,$.family_summary.residual_surface.sample_targets[2],g900_six_nine_residual_360_after_phase3_anatomy_021.v1.json,six_nine,source_pair,06_09,,06_09,,,,23->24,,,"[3, 9, 6, 12]",,6,,,
269,g900_six_nine_true_source_endpoint_family_anatomy_035.v1.json,$.family_summary.residual_surface.sample_targets[3],g900_six_nine_residual_360_after_phase3_anatomy_021.v1.json,six_nine,source_pair,06_09,,06_09,,,,23->24,,,"[3, 9, 6, 12]",,6,,,
270,g900_six_nine_true_source_endpoint_family_anatomy_035.v1.json,$.family_summary.residual_surface.sample_targets[4],g900_six_nine_residual_360_after_phase3_anatomy_021.v1.json,six_nine,source_endpoints,06_09,"[6, 9]",,,,,,,,,,6,,,
271,g900_six_nine_true_source_endpoint_family_anatomy_035.v1.json,$.family_summary.residual_surface.sample_targets[5],g900_six_nine_residual_360_manual_row_microscope_022.v1.json,six_nine,source_endpoints,06_09,"[6, 9]",,,,,,,,,,6,,,
272,g900_six_nine_true_source_endpoint_family_anatomy_035.v1.json,$.family_summary.residual_surface.sample_targets[6],g900_six_nine_residual_360_manual_row_microscope_022.v1.json,six_nine,source_endpoints,06_09,"[6, 9]",,,,,,,,,,6,,,
273,g900_six_nine_true_source_endpoint_family_anatomy_035.v1.json,$.family_summary.residual_surface.sample_targets[7],g900_six_nine_residual_360_packet_shape_collapse_023.v1.json,six_nine,source_endpoints,06_09,"[6, 9]",,,,,,,,,,6,,,
274,g900_six_nine_true_source_endpoint_family_anatomy_035.v1.json,$.family_summary.residual_surface.sample_targets[8],g900_six_nine_residual_360_packet_shape_collapse_023.v1.json,six_nine,source_endpoints,06_09,"[6, 9]",,,,,,,,,,6,,,
275,g900_six_nine_true_source_endpoint_family_anatomy_035.v1.json,$.family_summary.residual_surface.sample_targets[9],g900_six_nine_residual_shape_upstream_provenance_024.v1.json,six_nine,source_endpoints,06_09,"[6, 9]",,,,,,,,,,6,,,
276,g900_six_nine_true_source_endpoint_family_anatomy_035.v1.json,$.family_summary.source_gap_surface.sample_targets[5],g900_six_nine_foundation_packet_context_contrast_010.v1.json,six_nine,context.source_endpoints,06_09,,,,,,,,,,,,,,
277,g900_six_nine_true_source_endpoint_family_anatomy_035.v1.json,$.family_summary.source_geometry_surface.sample_targets[0],g900_six_nine_source_geometry_field_origin_inventory_005.v1.json,six_nine,source_endpoints,06_09,"[6, 9]",06_09,,,,23->24,"[9,11]",,"[3, 9, 6, 12]","[3, 6, 9, 12]",9,,,
278,g900_six_nine_true_source_endpoint_family_anatomy_035.v1.json,$.family_summary.source_geometry_surface.sample_targets[1],g900_six_nine_source_geometry_field_origin_inventory_005.v1.json,six_nine,source_pair,06_09,"[6, 9]",06_09,,,,23->24,"[9,11]",,"[3, 9, 6, 12]","[3, 6, 9, 12]",9,,,
279,g900_six_nine_true_source_endpoint_family_anatomy_035.v1.json,$.family_summary.source_geometry_surface.sample_targets[2],g900_six_nine_source_geometry_field_origin_inventory_005.v1.json,six_nine,source_endpoints,06_09,"[6, 9]",06_09,,,,23->24,"[9,11]",,"[3, 9, 6, 12]","[3, 6, 9, 12]",9,,,
280,g900_six_nine_true_source_endpoint_family_anatomy_035.v1.json,$.family_summary.source_geometry_surface.sample_targets[3],g900_six_nine_source_geometry_field_origin_inventory_005.v1.json,six_nine,source_pair,06_09,"[6, 9]",06_09,,,,23->24,"[9,11]",,"[3, 9, 6, 12]","[3, 6, 9, 12]",9,,,
281,g900_six_nine_true_source_endpoint_family_anatomy_035.v1.json,$.family_summary.source_geometry_surface.sample_targets[4],g900_six_nine_source_geometry_field_origin_inventory_005.v1.json,six_nine,source_endpoints,06_09,"[6, 9]",06_09,,,,23->24,"[9,11]",,"[3, 9, 6, 12]","[3, 9, 6, 12]",6,,,
282,g900_six_nine_true_source_endpoint_family_anatomy_035.v1.json,$.family_summary.source_geometry_surface.sample_targets[5],g900_six_nine_source_geometry_field_origin_inventory_005.v1.json,six_nine,source_pair,06_09,"[6, 9]",06_09,,,,23->24,"[9,11]",,"[3, 9, 6, 12]","[3, 9, 6, 12]",6,,,
283,g900_six_nine_true_source_endpoint_family_anatomy_035.v1.json,$.family_summary.source_geometry_surface.sample_targets[6],g900_six_nine_source_geometry_field_origin_inventory_005.v1.json,six_nine,source_endpoints,06_09,"[6, 9]",06_09,,,,23->24,"[9,11]",,"[3, 9, 6, 12]","[3, 9, 6, 12]",6,,,
284,g900_six_nine_true_source_endpoint_family_anatomy_035.v1.json,$.family_summary.source_geometry_surface.sample_targets[7],g900_six_nine_source_geometry_field_origin_inventory_005.v1.json,six_nine,source_pair,06_09,"[6, 9]",06_09,,,,23->24,"[9,11]",,"[3, 9, 6, 12]","[3, 9, 6, 12]",6,,,
285,g900_six_nine_true_source_endpoint_family_anatomy_035.v1.json,$.family_summary.source_geometry_surface.sample_targets[8],g900_six_nine_source_geometry_field_origin_inventory_005.v1.json,six_nine,source_endpoints,06_09,"[6, 9]",06_09,,,,23->24,"9,11",,,"[3, 6, 9, 12]",6,,,
286,g900_six_nine_true_source_endpoint_family_anatomy_035.v1.json,$.family_summary.source_geometry_surface.sample_targets[9],g900_six_nine_source_geometry_field_origin_inventory_005.v1.json,six_nine,source_pair,06_09,"[6, 9]",06_09,,,,23->24,"9,11",,,"[3, 6, 9, 12]",6,,,
287,g900_six_nine_true_source_endpoint_family_anatomy_035.v1.json,$.family_summary.source_limit_surface.sample_targets[0],g900-six-nine-ladder-3-6-9-12-source-derivation-audit-001.v1.json,six_nine,source_endpoints,06_09,"[6, 9]",06_09,,,,23->24,"[9,11]",,"[3, 9, 6, 12]","[3, 6, 9, 12]",9,,,
288,g900_six_nine_true_source_endpoint_family_anatomy_035.v1.json,$.family_summary.source_limit_surface.sample_targets[1],g900-six-nine-ladder-3-6-9-12-source-derivation-audit-001.v1.json,six_nine,source_pair,06_09,"[6, 9]",06_09,,,,23->24,"[9,11]",,"[3, 9, 6, 12]","[3, 6, 9, 12]",9,,,
289,g900_six_nine_true_source_endpoint_family_anatomy_035.v1.json,$.family_summary.source_limit_surface.sample_targets[2],g900-six-nine-ladder-3-6-9-12-source-derivation-audit-001.v1.json,six_nine,source_endpoints,06_09,"[6, 9]",06_09,,,,23->24,"[9,11]",,"[3, 9, 6, 12]","[3, 9, 6, 12]",6,,,
290,g900_six_nine_true_source_endpoint_family_anatomy_035.v1.json,$.family_summary.source_limit_surface.sample_targets[3],g900-six-nine-ladder-3-6-9-12-source-derivation-audit-001.v1.json,six_nine,source_pair,06_09,"[6, 9]",06_09,,,,23->24,"[9,11]",,"[3, 9, 6, 12]","[3, 9, 6, 12]",6,,,
291,g900_six_nine_true_source_endpoint_family_anatomy_035.v1.json,$.family_summary.source_limit_surface.sample_targets[4],g900_all_phase_ladder_spectrum_audit_001.v1.json,ladder,source_pair,06_09,"[6, 9]",06_09,,,,23->24,,,,"[3, 6, 9, 12]",6,,,
292,g900_six_nine_true_source_endpoint_family_anatomy_035.v1.json,$.family_summary.source_limit_surface.sample_targets[5],g900_all_phase_ladder_spectrum_audit_001.v1.json,ladder,source_endpoints,06_09,"[6, 9]",06_09,,,,23->24,,,,"[3, 6, 9, 12]",6,,,
293,g900_six_nine_true_source_endpoint_family_anatomy_035.v1.json,$.family_summary.source_limit_surface.sample_targets[6],g900_all_phase_ladder_spectrum_audit_001.v1.json,ladder,source_pair,06_09,"[6, 9]",06_09,,,,23->24,,,,"[3, 6, 9, 12]",6,,,
294,g900_six_nine_true_source_endpoint_family_anatomy_035.v1.json,$.family_summary.source_limit_surface.sample_targets[7],g900_all_phase_ladder_spectrum_audit_001.v1.json,ladder,source_endpoints,06_09,"[6, 9]",06_09,,,,23->24,,,,"[3, 6, 9, 12]",6,,,
295,g900_six_nine_true_source_endpoint_family_anatomy_035.v1.json,$.family_summary.source_limit_surface.sample_targets[8],g900_all_phase_ladder_spectrum_audit_001.v1.json,ladder,source_pair,06_09,"[6, 9]",06_09,,,,23->24,,,,"[3, 9, 6, 12]",9,,,
296,g900_six_nine_true_source_endpoint_family_anatomy_035.v1.json,$.family_summary.source_limit_surface.sample_targets[9],g900_all_phase_ladder_spectrum_audit_001.v1.json,ladder,source_endpoints,06_09,"[6, 9]",06_09,,,,23->24,,,,"[3, 9, 6, 12]",9,,,
297,g900_six_nine_source_construction_contrast_filter_034.v1.json,$.true_source_targets_first_30[24],g900_six_nine_foundation_packet_broader_origin_selector_009.v1.json,six_nine,packet.source_endpoints,06_09,,,,,,,,"[""anchor"", ""source_endpoints"", ""source_limit_start"", ""source_side_gap""]",,,,,,
